,0
0,1637.6534
1,1387.9377
2,713.0716
3,2494.1484
4,5936.7915
5,1915.6171
6,548.55304
7,2172.0994
8,1481.1837
9,3183.865
10,1956.6205
11,1318.6544
12,713.0716
13,2105.9014
14,834.1927
15,2451.0056
16,3172.4783
17,2833.9734
18,2591.606
19,568.0664
20,2892.431
21,3909.136
22,808.60266
23,292.06454
24,3019.6626
25,618.61273
26,863.4286
27,2601.8054
28,3900.9912
29,2007.1199
30,-84.58126
31,2855.8723
32,448.8364
33,5448.634
34,2646.0269
35,5448.634
36,2170.078
37,317.22333
38,3131.185
39,2591.606
40,1659.2593
41,303.01828
42,2916.1016
43,2174.0107
44,580.887
45,1832.7104
46,92.50539
47,3190.514
48,3985.4172
49,2045.9596
50,895.4244
51,1674.0059
52,2994.6335
53,2082.0054
54,5223.4214
55,3176.2996
56,3000.154
57,707.0741
58,856.4951
59,1416.345
60,2525.3816
61,3549.479
62,3457.0674
63,1273.4579
64,2393.9863
65,2312.3298
66,2646.0269
67,4072.7104
68,2975.2637
69,3603.6726
70,3027.7725
71,2601.8813
72,1800.0801
73,3928.4905
74,3980.8591
75,2823.5159
76,274.26514
77,2447.9932
78,799.40247
79,2447.9932
80,2510.316
81,1454.101
82,1528.064
83,3152.0186
84,2966.9895
85,1741.2065
86,3906.3757
87,3745.9475
88,749.3346
89,670.51184
90,2603.9631
91,5659.4106
92,2601.8813
93,1356.8121
94,2059.0464
95,801.4677
96,2156.9333
97,2146.348
98,3047.893
99,1273.726
100,2177.229
101,1557.6022
102,2835.1846
103,2081.531
104,557.7911
105,6026.4673
106,890.2261
107,875.495
108,1493.7831
109,3687.7734
110,296.73093
111,3128.553
112,322.78207
113,5936.7915
114,1577.5785
115,2591.606
116,907.7993
117,1514.4213
118,1579.6002
119,1606.715
120,4775.4727
121,681.6051
122,1440.9889
123,1388.0575
124,3210.3972
125,5246.212
126,2036.6808
127,447.93307
128,1500.5061
129,1676.0276
130,2638.9968
131,1944.0405
132,1719.6748
133,449.17804
134,1319.7163
135,374.6023
136,470.3086
137,1319.7163
138,458.33484
139,2438.8364
140,570.00073
141,674.2389
142,1526.7292
143,2122.126
144,1512.7397
145,2005.0393
146,2491.6406
147,5199.9556
148,1687.8513
149,1678.2517
150,1905.6664
151,3854.976
152,353.25797
153,4166.5117
154,2355.6445
155,2172.8594
156,564.7799
157,1073.7908
158,1308.3792
159,920.0292
160,2641.2932
161,3160.3186
162,3897.219
163,3128.553
164,1189.667
165,432.0156
166,2218.7605
167,2923.071
168,2424.509
169,561.0092
170,3052.5833
171,2644.9082
172,363.93665
173,-102.98888
174,2472.7825
175,3500.9724
176,3252.9617
177,4787.1704
178,1224.663
179,5939.949
180,1741.2065
181,2904.662
182,3967.289
183,929.37054
184,349.7316
185,1788.122
186,3348.5127
187,3939.8352
188,3779.7524
189,2830.5771
190,1676.0276
191,3550.6458
192,2438.8364
193,746.5986
194,864.6249
195,3924.6313
196,592.14343
197,3164.5986
198,2799.139
199,123.047585
200,3030.752
201,2159.9004
202,3187.543
203,2379.781
204,1814.6565
205,1683.6226
206,3964.1162
207,1411.8557
208,3205.5742
209,1899.3124
210,2945.2546
211,-106.20696
212,3250.5205
213,1534.2402
214,3937.7356
215,2179.5386
216,390.15857
217,5957.014
218,2424.631
219,3927.4602
220,385.6934
221,2195.7595
222,2824.0293
223,2996.123
224,1888.9152
225,1400.8441
226,3390.3826
227,2615.326
228,854.3955
229,1548.3674
230,4124.9688
231,317.6345
232,1575.4789
233,1648.0382
234,1166.2399
235,1685.9685
236,2102.511
237,1933.7653
238,725.44653
239,2714.5383
240,-83.46277
241,3589.0781
242,307.4834
243,1698.7952
244,425.04178
245,1966.1395
246,788.5021
247,716.61847
248,122.735695
249,4207.2256
250,3800.4114
251,344.28683
252,339.43936
253,1698.1266
254,3904.696
255,1564.535
256,3954.914
257,3937.0063
258,1173.2971
259,711.19556
260,3193.0217
261,2218.6606
262,2368.0195
263,4141.688
264,3155.069
265,2779.7068
266,2605.2363
267,3164.0657
268,1842.7805
269,3915.6404
270,3589.8296
271,1858.3921
272,3903.2654
273,2449.927
274,844.6113
275,1377.6228
276,2607.112
277,497.2416
278,1894.2317
279,1902.9412
280,2439.1565
281,2853.7727
282,2462.507
283,2451.0056
284,5957.014
285,4105.504
286,276.36472
287,1455.6091
288,906.6808
289,941.7686
290,695.8772
291,1903.2422
292,1665.7523
293,2218.6824
294,3913.5408
295,3097.239
296,2078.1372
297,2587.478
298,367.54507
299,448.8364
300,682.87646
301,2998.9343
302,3870.796
303,1727.9283
304,1574.8103
305,2513.1724
306,4159.613
307,1594.4811
308,2923.5195
309,4163.054
310,1354.0695
311,3686.4321
312,1801.6909
313,2153.2434
314,1690.5416
315,1093.8967
316,3936.056
317,3128.553
318,3829.826
319,1811.9662
320,1676.9408
321,1666.2825
322,2891.3123
323,3057.0498
324,3215.0981
325,3255.0613
326,350.6363
327,2033.9905
328,970.80096
329,484.52173
330,367.10504
331,3563.7278
332,4138.561
333,76.49161
334,1697.6768
335,1970.9294
336,1019.2115
337,1619.9989
338,3319.7146
339,3171.6558
340,2832.4067
341,704.9669
342,2801.9417
343,3902.31
344,1683.3
345,2591.606
346,2465.367
347,5659.4106
348,2450.0928
349,1544.7161
350,3014.4795
351,803.5673
352,383.3687
353,734.10016
354,3531.8813
355,2858.72
356,3338.858
357,1001.33014
358,2925.7563
359,2897.121
360,604.85754
361,2202.3718
362,1419.1705
363,755.8547
364,476.34604
365,1804.3812
366,1692.3885
367,1478.689
368,2560.5415
369,2635.7703
370,3938.1555
371,398.06824
372,268.68015
373,3918.231
374,4158.9087
375,1514.4213
376,4138.561
377,744.49896
378,2503.3052
379,3473.124
380,1633.7089
381,3038.3433
382,1377.6625
383,-95.93169
384,1787.8604
385,458.33484
386,560.4771
387,2894.5305
388,2105.5195
389,1481.1837
390,3139.8093
391,4115.871
392,2025.3932
393,353.44363
394,2084.596
395,2454.783
396,1364.1395
397,1758.6178
398,2847.302
399,1636.3677
400,2090.6877
401,854.2718
402,2601.9595
403,460.43442
404,2643.5251
405,3203.4746
406,871.37354
407,3076.3162
408,1421.3805
409,270.69818
410,3179.0215
411,2635.7786
412,874.48346
413,2862.9294
414,1854.0767
415,373.09344
416,3591.788
417,759.47437
418,697.51794
419,5199.9556
420,1678.1272
421,1234.5538
422,1063.7207
423,2000.0626
424,2157.9675
425,3631.7463
426,3954.914
427,1321.738
428,3835.1768
429,778.3047
430,1312.3005
431,2614.1804
432,372.69003
433,1934.8837
434,2855.8723
435,5410.908
436,183.63547
437,1512.3995
438,3493.9043
439,2527.3625
440,1870.767
441,2645.4856
442,700.91174
443,1437.3181
444,2832.4067
445,1865.3331
446,2852.0496
447,3946.8923
448,5189.6807
449,2155.863
450,365.4455
451,402.25113
452,3082.775
453,2094.111
454,2828.9353
455,1619.7341
456,1745.1005
457,1419.1705
458,3735.7312
459,1648.0382
460,2460.2024
461,1937.1884
462,1011.06866
463,2155.863
464,4798.2617
465,269.1758
466,1478.8167
467,706.9888
468,4080.2456
469,1438.1189
470,4135.255
471,1425.3931
472,2616.504
473,-93.83209
474,-72.20639
475,885.6621
476,3139.8093
477,3176.2996
478,313.68472
479,941.58563
480,3644.1433
481,1263.3369
482,2449.51
483,3928.4905
484,3897.639
485,1980.0863
486,3748.3862
487,2817.8447
488,3855.5286
489,1341.6946
490,2331.2651
491,4124.9688
492,2849.1653
493,1332.6841
494,273.9561
495,3252.9617
496,1985.7537
497,4159.613
498,3170.3901
499,2452.6833
500,2195.5938
501,582.3757
502,1356.0912
503,3804.184
504,751.82166
505,3203.6384
506,446.22064
507,1913.5175
508,3023.9622
509,3481.5293
510,3343.4268
511,4117.9663
512,123.047585
513,1699.6985
514,2918.8115
515,2583.863
516,385.3905
517,4002.9148
518,2417.452
519,659.79224
520,1870.767
521,562.6803
522,707.0741
523,2093.7002
524,5413.008
525,5952.3237
526,2836.386
527,1676.23
528,570.166
529,3038.3433
530,1345.5664
531,3176.4407
532,1302.5911
533,1949.5632
534,780.12506
535,3193.0217
536,1892.1332
537,3547.7668
538,2173.2383
539,3874.5007
540,2635.8877
541,355.5432
542,1366.2996
543,311.58514
544,4043.7495
545,5985.85
546,2365.696
547,570.75244
548,3958.4312
549,4160.145
550,1009.464
551,1656.5955
552,294.04507
553,3924.6313
554,2305.9692
555,1377.166
556,3341.0806
557,369.0173
558,2799.687
559,3161.2927
560,2559.2788
561,934.54767
562,3455.0713
563,2891.824
564,3178.3992
565,3872.8496
566,4169.8877
567,2154.6384
568,1676.9408
569,3175.3103
570,1307.7106
571,2768.6162
572,1428.1613
573,1406.3665
574,2603.981
575,339.43936
576,374.2119
577,958.8806
578,714.1901
579,2247.5828
580,2973.1018
581,376.70187
582,3937.0063
583,2589.5845
584,1534.2402
585,3044.6748
586,3854.976
587,688.82
588,3285.433
589,2641.2932
590,4113.7065
591,1339.0083
592,2546.1921
593,3257.6519
594,3076.3162
595,676.44507
596,2115.477
597,2069.3218
598,3013.6868
599,2183.4321
600,3252.9617
601,3045.3281
602,2383.9502
603,1941.1438
604,2179.5386
605,5436.2593
606,2052.7495
607,1533.0936
608,762.6009
609,300.83493
610,265.94946
611,1934.8837
612,3181.9546
613,3534.0647
614,2447.2363
615,351.24045
616,1548.5791
617,871.37354
618,1209.6196
619,385.3905
620,394.0564
621,355.095
622,1898.5822
623,2614.1804
624,2934.268
625,2195.7595
626,436.98923
627,3067.1594
628,1473.7671
629,963.1941
630,2208.905
631,1783.114
632,1374.9722
633,1176.3099
634,1174.789
635,433.00864
636,2174.2278
637,734.4181
638,1318.6544
639,3180.4783
640,702.38245
641,2428.561
642,5189.6807
643,3172.6936
644,1686.3734
645,2393.9863
646,2124.9648
647,2619.1755
648,1074.8993
649,589.43286
650,2016.5345
651,4169.7944
652,1678.4918
653,2954.3918
654,2946.5366
655,3870.796
656,783.5538
657,455.37744
658,4754.1064
659,4601.565
660,2942.277
661,3193.0217
662,3891.8345
663,3870.75
664,688.74225
665,1710.0516
666,2862.2185
667,1664.849
668,2591.0422
669,3319.7146
670,743.1199
671,3505.8633
672,3883.171
673,1906.9072
674,-102.74859
675,1620.9022
676,1857.7545
677,440.1418
678,1964.7819
679,2901.5876
680,1674.9191
681,6112.246
682,2122.126
683,734.22363
684,2464.6042
685,3047.893
686,2083.6306
687,3109.614
688,3458.2786
689,-84.58126
690,6071.185
691,1415.7318
692,2025.3932
693,2196.4795
694,376.70187
695,1666.8707
696,3926.0354
697,666.6828
698,2986.0332
699,2405.2427
700,3722.4363
701,1997.963
702,1679.1787
703,659.79224
704,1846.5479
705,3128.553
706,744.3755
707,3756.3823
708,3341.0806
709,3143.56
710,3517.1196
711,2833.085
712,3608.6877
713,861.40674
714,1629.1558
715,2483.873
716,2601.8054
717,280.37827
718,2949.8425
719,654.30786
720,1524.4913
721,804.2426
722,387.49008
723,2670.4268
724,3541.489
725,2915.8965
726,1118.5278
727,1666.8707
728,5318.2837
729,2865.8071
730,1624.1202
731,1694.7472
732,3205.4495
733,340.96518
734,2220.782
735,1946.2524
736,3212.7952
737,801.1014
738,3762.9485
739,1736.5255
740,2023.7152
741,2007.1199
742,3076.3162
743,2438.8364
744,3885.264
745,2074.3206
746,4021.5107
747,3242.6863
748,4188.0425
749,948.8027
750,5939.949
751,2850.0564
752,2623.3372
753,921.0268
754,2091.6006
755,2959.424
756,2080.4124
757,2039.2605
758,2183.3845
759,1105.2876
760,3736.5
761,2073.3552
762,2968.392
763,1473.1654
764,2832.4067
765,2132.4014
766,4808.5366
767,2148.8098
768,1701.0286
769,2522.2314
770,1280.2906
771,3377.9666
772,2903.6873
773,-105.08847
774,296.14465
775,2926.377
776,3016.7188
777,2928.4766
778,2426.7307
779,4169.8877
780,1516.3519
781,1934.8837
782,1193.5372
783,665.50476
784,2586.3193
785,481.44608
786,1498.1945
787,3200.1218
788,757.59424
789,1849.3816
790,2945.6235
791,3507.963
792,573.9367
793,4138.6016
794,1930.3773
795,1275.6339
796,3730.6536
797,799.44586
798,2668.842
799,559.8487
800,1552.7711
801,3161.3804
802,2501.1929
803,458.33484
804,1488.241
805,2957.4656
806,2652.9941
807,3135.3428
808,2960.0059
809,2438.8364
810,2073.3552
811,2964.8313
812,1605.6696
813,1461.9684
814,2438.8364
815,2885.1128
816,2657.869
817,3933.2646
818,2579.0728
819,2975.2637
820,-115.36375
821,4178.9507
822,389.2878
823,1682.1133
824,713.0716
825,1433.3821
826,2668.3271
827,3228.365
828,675.7766
829,668.93414
830,1354.0695
831,103.61553
832,3819.3503
833,1915.6171
834,2122.9873
835,2601.8813
836,2777.007
837,2819.9443
838,2433.084
839,607.31287
840,4430.971
841,315.41144
842,425.09848
843,869.1443
844,2768.6162
845,725.06683
846,1856.1134
847,768.2296
848,1813.5381
849,2831.288
850,3274.3276
851,4136.7593
852,6026.4673
853,2925.1707
854,710.39124
855,4005.7747
856,1467.2521
857,2839.2947
858,343.16837
859,3579.5542
860,1927.8472
861,5661.5103
862,1900.6818
863,1402.9437
864,1664.849
865,570.00073
866,5975.575
867,2807.8794
868,2220.5195
869,4106.7144
870,2214.4011
871,374.6023
872,1019.2115
873,2819.0847
874,2534.5383
875,-106.20696
876,1229.2052
877,1368.3213
878,726.48083
879,835.4139
880,1577.5785
881,5221.322
882,3045.3281
883,1426.0616
884,4611.84
885,2869.1392
886,2599.8599
887,725.44653
888,374.6023
889,2659.8274
890,1041.5839
891,1438.2412
892,1454.6959
893,3152.0186
894,1436.6989
895,3760.8489
896,3934.9067
897,1738.938
898,1317.5563
899,1417.8081
900,447.2645
901,1914.4657
902,2412.6616
903,268.68015
904,3164.5986
905,2601.9595
906,2090.6877
907,1514.4991
908,2964.2654
909,691.88043
910,2864.318
911,6.5184555
912,2770.7158
913,1924.6084
914,2462.302
915,2998.9343
916,718.88043
917,1952.3655
918,6114.3457
919,1524.4913
920,2530.61
921,1664.849
922,2632.3281
923,2192.4517
924,789.44037
925,1656.5955
926,2174.199
927,3863.6929
928,2188.4565
929,1670.1088
930,1.4830546
931,6040.7896
932,3907.9556
933,2450.0928
934,4680.1143
935,1849.1398
936,275.1868
937,2460.2024
938,267.20792
939,4000.8152
940,5299.017
941,1912.399
942,2439.1565
943,281.17767
944,1388.0156
945,376.3115
946,808.60266
947,765.0115
948,2462.9712
949,1306.2721
950,3913.5408
951,4171.9873
952,1371.7109
953,2030.9312
954,1091.0793
955,1363.1484
956,1415.1178
957,2449.927
958,907.72156
959,2522.691
960,2113.7295
961,4165.154
962,3044.6748
963,856.4951
964,1945.175
965,1928.2777
966,2070.2346
967,3558.262
968,2632.3281
969,458.33484
970,5286.6426
971,2148.2832
972,5222.9253
973,2667.3928
974,728.461
975,2966.107
976,1234.476
977,2062.2646
978,2928.8867
979,1666.8707
980,2556.9553
981,1309.8909
982,2732.9229
983,4088.408
984,3045.7935
985,1397.0946
986,3173.7554
987,947.39374
988,1298.0192
989,3324.4048
990,1656.4576
991,1404.1727
992,2700.9495
993,3933.8296
994,5924.417
995,3840.5547
996,2503.3052
997,1690.3757
998,2268.9487
999,1163.8077
1000,3264.0522
1001,2626.7717
1002,3252.9617
1003,3904.6543
1004,1726.8099
1005,3067.1594
1006,3159.0757
1007,1724.2438
1008,3069.259
1009,3904.742
1010,2035.6842
1011,395.96866
1012,2438.8364
1013,1316.6431
1014,1171.5844
1015,1856.3813
1016,1377.6228
1017,3159.0757
1018,2860.4792
1019,2843.4973
1020,5936.7915
1021,2060.165
1022,3242.6863
1023,270.63974
1024,678.9292
1025,831.24927
1026,3784.1746
1027,3139.8093
1028,2610.9622
1029,3329.99
1030,1037.1658
1031,2094.3225
1032,2862.4883
1033,1351.3013
1034,1239.5117
1035,5697.136
1036,4140.0874
1037,1619.9989
1038,5221.322
1039,2017.4142
1040,2599.8599
1041,3066.0408
1042,515.2313
1043,5659.4106
1044,2424.631
1045,2052.3127
1046,347.94238
1047,969.07684
1048,2603.981
1049,2657.8015
1050,970.21027
1051,2172.1775
1052,310.67767
1053,3565.8274
1054,1324.7743
1055,2090.6877
1056,2652.9941
1057,2233.4949
1058,3152.0186
1059,1936.375
1060,1870.3185
1061,2429.3213
1062,3143.6133
1063,700.8765
1064,-106.20696
1065,6062.0933
1066,688.4906
1067,3660.337
1068,4176.7866
1069,-10.276962
1070,892.3257
1071,1934.8837
1072,1493.7052
1073,1450.5369
1074,3591.788
1075,3937.0063
1076,716.61847
1077,2045.8376
1078,1354.7233
1079,1274.0929
1080,1619.9989
1081,1449.6604
1082,355.17023
1083,3763.2969
1084,1281.228
1085,1966.3215
1086,1848.6475
1087,1381.7441
1088,2520.5913
1089,1263.6943
1090,3529.7817
1091,1802.0173
1092,4167.695
1093,3788.0364
1094,985.3431
1095,2312.3298
1096,916.87836
1097,1158.9281
1098,4144.3467
1099,1417.8081
1100,2459.0837
1101,1539.3115
1102,1719.6748
1103,636.1406
1104,755.1862
1105,1686.5052
1106,1063.7207
1107,2899.7532
1108,451.27762
1109,2912.7847
1110,1699.6985
1111,2644.7031
1112,746.39734
1113,3162.499
1114,2017.4142
1115,4104.6147
1116,2955.9973
1117,2015.3146
1118,3567.507
1119,3844.7007
1120,4592.573
1121,3176.4407
1122,3550.1355
1123,3130.1196
1124,3065.8167
1125,2591.606
1126,306.94806
1127,746.4779
1128,1341.6946
1129,2239.224
1130,3924.6313
1131,1098.9774
1132,1230.6682
1133,3217.912
1134,340.96518
1135,2060.165
1136,2162.1633
1137,5128.063
1138,1117.8727
1139,3264.0522
1140,1676.1055
1141,1889.4253
1142,907.7993
1143,2124.6338
1144,2186.6028
1145,403.71307
1146,2172.1775
1147,446.63013
1148,1576.1056
1149,340.30167
1150,3728.7166
1151,763.6469
1152,3572.8845
1153,712.24677
1154,2863.2756
1155,2504.0156
1156,3788.912
1157,3139.6436
1158,1404.1053
1159,2241.992
1160,1068.621
1161,3179.0215
1162,3983.0056
1163,1976.5968
1164,296.14465
1165,2080.4124
1166,3911.2666
1167,1646.9109
1168,1648.0382
1169,2047.9373
1170,2262.2686
1171,3947.3123
1172,3129.172
1173,1782.0602
1174,1503.3673
1175,2180.6309
1176,929.37054
1177,708.1073
1178,3719.6248
1179,2833.9734
1180,1786.7504
1181,2139.2922
1182,2429.8035
1183,2850.0564
1184,2557.329
1185,709.09595
1186,2164.854
1187,2451.0056
1188,3118.2776
1189,1178.47
1190,1200.7175
1191,725.44653
1192,3255.0613
1193,3193.0217
1194,5924.417
1195,276.36472
1196,370.42722
1197,804.13617
1198,789.17053
1199,1698.7952
1200,2197.329
1201,2426.7307
1202,2471.6638
1203,2312.2517
1204,582.98663
1205,1650.6439
1206,2392.8677
1207,3710.468
1208,737.57574
1209,1647.735
1210,3778.2622
1211,2570.897
1212,679.52637
1213,2459.6113
1214,2343.6401
1215,1498.1945
1216,3909.4028
1217,1102.9072
1218,1937.1884
1219,1822.4352
1220,1222.179
1221,5299.017
1222,2438.8364
1223,1675.8015
1224,297.73108
1225,3044.6748
1226,2472.3716
1227,1012.21826
1228,1481.4082
1229,1209.6196
1230,970.80096
1231,1674.9191
1232,3445.9768
1233,331.7548
1234,263.98987
1235,3021.6675
1236,2928.4766
1237,2792.0818
1238,640.1976
1239,3596.0476
1240,2312.3298
1241,3202.7231
1242,2428.561
1243,3152.2236
1244,4123.7847
1245,2954.0964
1246,2153.7634
1247,787.34045
1248,3919.6724
1249,2177.229
1250,376.91296
1251,3594.961
1252,1551.0359
1253,1319.7163
1254,1999.0503
1255,3877.3035
1256,590.0438
1257,2440.936
1258,4138.561
1259,557.7911
1260,3057.6355
1261,2606.4956
1262,2862.9294
1263,1244.6617
1264,449.95486
1265,1707.952
1266,3642.1123
1267,1928.1779
1268,5448.634
1269,423.0767
1270,328.89087
1271,1703.448
1272,1365.248
1273,368.62692
1274,2981.4734
1275,5939.949
1276,2892.431
1277,2913.777
1278,1700.9178
1279,918.1186
1280,1924.7739
1281,3045.3281
1282,3234.089
1283,666.58215
1284,5204.646
1285,1207.5979
1286,3604.1177
1287,115.91259
1288,1031.5807
1289,1511.731
1290,2915.8965
1291,1906.8807
1292,1664.849
1293,2399.8916
1294,-74.305984
1295,1457.6309
1296,1944.0405
1297,1491.6835
1298,461.21124
1299,2601.9595
1300,1328.384
1301,384.8996
1302,4140.6606
1303,2010.1661
1304,1239.5117
1305,561.0092
1306,967.6606
1307,973.45197
1308,3982.752
1309,1841.8673
1310,655.50415
1311,3974.5854
1312,2851.6477
1313,650.5602
1314,2669.1135
1315,3157.0332
1316,1343.1296
1317,734.10016
1318,3070.8374
1319,2957.61
1320,2946.7307
1321,1632.4379
1322,1487.005
1323,3589.8296
1324,3026.0618
1325,2972.6333
1326,710.39124
1327,3872.8496
1328,3934.9067
1329,458.33484
1330,3906.3757
1331,2858.6714
1332,376.70187
1333,4167.7354
1334,2528.436
1335,721.5699
1336,1814.6565
1337,2925.1707
1338,2627.5562
1339,421.75226
1340,472.0402
1341,1390.0374
1342,618.61273
1343,2194.5728
1344,2384.4712
1345,589.43286
1346,2016.5345
1347,2490.1003
1348,614.3231
1349,2168.4077
1350,5934.692
1351,3191.6326
1352,3823.419
1353,1319.578
1354,1439.3398
1355,2662.6592
1356,1483.4299
1357,3185.5857
1358,3738.0193
1359,2383.711
1360,4038.3232
1361,286.45566
1362,929.37054
1363,287.21173
1364,2218.7605
1365,2343.6401
1366,3529.7817
1367,3962.3982
1368,557.7911
1369,725.2613
1370,3128.553
1371,3152.0186
1372,2626.6135
1373,2209.1765
1374,4031.0122
1375,5990.6367
1376,1053.4454
1377,570.166
1378,2105.5195
1379,1987.8533
1380,1337.7648
1381,3717.5251
1382,1934.2754
1383,4100.06
1384,3592.8613
1385,33.855377
1386,1804.5468
1387,2843.663
1388,5436.2593
1389,3045.7935
1390,2833.7954
1391,691.39655
1392,2513.1724
1393,2458.5771
1394,674.2389
1395,2348.3738
1396,4192.3604
1397,2955.5105
1398,1577.5006
1399,894.3842
1400,345.26794
1401,274.26514
1402,1690.3757
1403,2205.8691
1404,1726.5823
1405,2164.854
1406,2011.2018
1407,2218.9475
1408,992.9179
1409,1491.3492
1410,5924.417
1411,346.3864
1412,2481.1824
1413,2800.0605
1414,1659.2639
1415,3891.8345
1416,3014.4795
1417,1978.6964
1418,746.39734
1419,2337.748
1420,3152.0186
1421,1019.46136
1422,3212.9985
1423,1605.7938
1424,2060.165
1425,1318.6648
1426,3026.0618
1427,986.1784
1428,2449.51
1429,800.877
1430,1816.7561
1431,2221.351
1432,990.51575
1433,739.5245
1434,3233.3523
1435,283.07303
1436,3748.3862
1437,3934.9067
1438,946.4358
1439,615.3946
1440,1653.9052
1441,2045.9596
1442,1438.4069
1443,2428.561
1444,4117.542
1445,579.15753
1446,2171.35
1447,3792.082
1448,1715.8229
1449,2969.1719
1450,2393.9863
1451,3940.3218
1452,801.5455
1453,6112.246
1454,2435.706
1455,337.47122
1456,2637.8806
1457,4146.613
1458,1209.6196
1459,1632.4379
1460,3107.5144
1461,3131.0974
1462,3931.165
1463,2335.4675
1464,701.7871
1465,2527.8167
1466,3726.617
1467,723.3469
1468,2009.2195
1469,1232.4542
1470,3241.3638
1471,1449.5558
1472,5400.6333
1473,3707.4707
1474,5985.85
1475,2104.1895
1476,2080.4124
1477,2677.4712
1478,5659.4106
1479,5970.318
1480,3447.0222
1481,1503.5593
1482,2654.1218
1483,3787.9905
1484,1377.9095
1485,1044.2523
1486,3376.2463
1487,240.62804
1488,2312.2517
1489,1925.6871
1490,3864.1328
1491,3241.3638
1492,868.13885
1493,723.47046
1494,-102.98888
1495,3162.499
1496,922.2231
1497,748.49695
1498,3939.8352
1499,2402.3862
1500,448.05957
1501,1646.643
1502,744.49896
1503,5972.4175
1504,2036.6808
1505,124.632164
1506,2695.4077
1507,1727.9283
1508,2527.8127
1509,3613.215
1510,373.09344
1511,2048.0593
1512,2328.5745
1513,756.5897
1514,2268.9487
1515,2791.221
1516,-102.98888
1517,317.9077
1518,276.36472
1519,2024.4714
1520,1578.3354
1521,558.41754
1522,2795.073
1523,2965.5889
1524,2599.8599
1525,276.36472
1526,1229.1354
1527,1674.0059
1528,685.60187
1529,2174.2278
1530,770.96826
1531,782.2247
1532,3174.762
1533,448.8364
1534,3890.0735
1535,2415.3523
1536,2677.26
1537,1834.2509
1538,2177.229
1539,1664.849
1540,2449.51
1541,1694.0879
1542,688.82
1543,1740.9791
1544,295.6315
1545,686.46875
1546,3924.6313
1547,330.28256
1548,5299.017
1549,2580.7512
1550,3159.0757
1551,2115.477
1552,596.83374
1553,2218.6824
1554,2623.1714
1555,2492.401
1556,2431.903
1557,1636.8412
1558,904.5812
1559,4038.9792
1560,1679.2942
1561,1100.2362
1562,363.53323
1563,2045.8376
1564,364.32703
1565,1501.4557
1566,4086.1196
1567,3191.6326
1568,1304.4493
1569,2626.6218
1570,1320.2084
1571,5410.908
1572,1066.3429
1573,2946.6243
1574,671.02075
1575,3937.7356
1576,2070.2346
1577,1334.658
1578,2081.531
1579,768.792
1580,1666.8707
1581,3937.7356
1582,3057.0498
1583,2104.1895
1584,2218.7605
1585,3447.0222
1586,2902.5093
1587,1674.0059
1588,1236.5756
1589,2646.0269
1590,1679.0404
1591,854.3955
1592,3160.3186
1593,374.7896
1594,2143.492
1595,986.1784
1596,3976.4458
1597,3532.1765
1598,3171.0095
1599,2363.5964
1600,2868.668
1601,1352.7632
1602,1261.5067
1603,2451.0056
1604,3161.1753
1605,913.056
1606,5952.3237
1607,3029.445
1608,2817.8447
1609,1236.3765
1610,3190.514
1611,67.25703
1612,2449.927
1613,3907.8022
1614,706.08545
1615,3331.6895
1616,-106.20696
1617,1709.9738
1618,3069.259
1619,1138.0565
1620,2525.3816
1621,3329.99
1622,3992.021
1623,1801.6909
1624,2519.0132
1625,1425.3931
1626,3550.564
1627,2926.377
1628,3107.5144
1629,-93.83209
1630,3658.2153
1631,3035.0527
1632,1364.1395
1633,674.16113
1634,4217.273
1635,1922.6743
1636,3945.2126
1637,994.1199
1638,4423.287
1639,3056.884
1640,3174.341
1641,3141.4604
1642,867.2156
1643,2978.976
1644,592.14343
1645,3486.9243
1646,1619.9989
1647,3457.0674
1648,367.54507
1649,2462.684
1650,1956.6205
1651,375.6429
1652,915.1655
1653,3228.365
1654,3782.9253
1655,734.1807
1656,2094.111
1657,704.0592
1658,1918.2076
1659,939.6459
1660,2922.9536
1661,1676.9408
1662,3908.8997
1663,1712.3613
1664,387.8545
1665,2945.2156
1666,4054.462
1667,1517.7753
1668,3906.3757
1669,1217.8732
1670,3176.4407
1671,3185.9646
1672,1262.6683
1673,1664.849
1674,952.0272
1675,4147.653
1676,291.4845
1677,2460.2024
1678,1548.3674
1679,3684.757
1680,2098.764
1681,2804.6619
1682,2589.5845
1683,1435.2638
1684,326.38013
1685,3128.553
1686,3045.7935
1687,2623.9229
1688,1377.6625
1689,864.5471
1690,1597.6991
1691,696.61444
1692,1772.8842
1693,2862.9294
1694,2132.4014
1695,688.4906
1696,2462.507
1697,2455.6958
1698,2020.163
1699,682.20917
1700,3785.5159
1701,1232.4542
1702,1428.0834
1703,2171.1387
1704,2060.165
1705,1513.3029
1706,3964.2573
1707,3090.227
1708,3637.0862
1709,2504.0156
1710,374.2119
1711,1934.2754
1712,3047.4277
1713,1999.4543
1714,4097.4697
1715,2594.9722
1716,4148.5215
1717,2190.352
1718,344.28683
1719,1234.3547
1720,2839.2107
1721,2445.6262
1722,2728.4563
1723,1924.6084
1724,3026.0618
1725,1236.5756
1726,5308.009
1727,3870.75
1728,2113.7085
1729,1891.5249
1730,3139.6436
1731,3504.035
1732,2513.1724
1733,343.16837
1734,1316.6431
1735,2133.973
1736,2069.3218
1737,1722.3433
1738,562.6803
1739,2494.6338
1740,854.2718
1741,353.44363
1742,1936.9833
1743,714.1901
1744,83.71797
1745,3005.2798
1746,741.5463
1747,2169.71
1748,2679.4177
1749,2966.601
1750,4115.206
1751,1272.4938
1752,3116.721
1753,3902.1099
1754,2491.6406
1755,562.6803
1756,3131.185
1757,3097.663
1758,667.8156
1759,2501.916
1760,3685.3506
1761,3615.3147
1762,2484.0388
1763,3026.8545
1764,1408.7976
1765,2162.1633
1766,3932.75
1767,1698.7952
1768,2508.7058
1769,4115.806
1770,2858.6714
1771,3581.7083
1772,3068.2468
1773,4143.7876
1774,2715.3225
1775,3252.9617
1776,1814.6565
1777,2813.6528
1778,934.9438
1779,5211.047
1780,832.16235
1781,697.51794
1782,1356.0912
1783,-106.20696
1784,3066.0408
1785,376.70187
1786,2327.0078
1787,1307.4083
1788,2153.7634
1789,2078.8403
1790,471.63135
1791,2623.9229
1792,3565.112
1793,1889.4253
1794,1314.5256
1795,2428.561
1796,2855.8723
1797,1524.4913
1798,1598.8962
1799,1001.71265
1800,1117.3038
1801,5972.4175
1802,1545.2273
1803,1274.1708
1804,3574.5642
1805,570.166
1806,2494.1484
1807,579.15753
1808,976.6028
1809,3266.1519
1810,2487.7107
1811,2603.9631
1812,113.3758
1813,3599.4546
1814,1524.4913
1815,802.6206
1816,916.9561
1817,3263.8708
1818,2947.2854
1819,317.22333
1820,2525.025
1821,1765.1697
1822,3576.6638
1823,112.77233
1824,677.8797
1825,1653.9052
1826,1467.9926
1827,2978.976
1828,3128.553
1829,595.4053
1830,714.30383
1831,2519.0388
1832,1075.7561
1833,907.72156
1834,3667.3071
1835,1664.849
1836,311.58514
1837,5936.7915
1838,2162.9202
1839,3142.4946
1840,3593.8877
1841,2545.7354
1842,2396.086
1843,2524.3694
1844,1236.5756
1845,1660.7784
1846,2141.6577
1847,1547.249
1848,1514.4991
1849,2679.6558
1850,3630.5867
1851,3013.6868
1852,590.0438
1853,3928.2117
1854,2153.7634
1855,1370.5656
1856,2882.1555
1857,-0.0016855597
1858,3541.489
1859,2633.4468
1860,1342.9045
1861,3842.6543
1862,3185.9646
1863,1607.8934
1864,3908.8997
1865,2123.2446
1866,2028.9094
1867,1696.7689
1868,822.9958
1869,704.0592
1870,1934.8837
1871,2424.631
1872,16.793732
1873,832.885
1874,2794.0808
1875,1277.9772
1876,4791.861
1877,3161.2927
1878,1877.8242
1879,1899.1904
1880,987.9338
1881,2448.906
1882,1546.5574
1883,2834.0066
1884,1401.9484
1885,253.20847
1886,2603.981
1887,374.6023
1888,3831.8179
1889,708.1073
1890,1126.8
1891,2846.2537
1892,1664.1804
1893,1584.6556
1894,458.33484
1895,4206.912
1896,1354.0695
1897,3173.8086
1898,1629.5457
1899,3456.179
1900,3172.4897
1901,923.95056
1902,112.25732
1903,3560.4219
1904,2222.0208
1905,2891.3123
1906,5939.949
1907,4113.7065
1908,3278.376
1909,2154.6384
1910,2947.1902
1911,328.89087
1912,3978.4092
1913,2137.1926
1914,3973.7812
1915,568.0664
1916,590.35443
1917,3030.752
1918,1820.483
1919,125.14718
1920,1924.7739
1921,2083.6306
1922,2403.143
1923,3351.356
1924,3618.2117
1925,1665.7523
1926,1922.8953
1927,4102.935
1928,1186.5938
1929,2069.3218
1930,3803.279
1931,449.17804
1932,3733.6316
1933,1229.3192
1934,5199.9556
1935,2599.8599
1936,2229.7056
1937,3097.239
1938,1481.507
1939,720.16095
1940,1618.6018
1941,1559.6239
1942,1426.0616
1943,1101.077
1944,960.52563
1945,652.8535
1946,5415.5986
1947,3082.526
1948,605.1663
1949,726.9652
1950,1214.9226
1951,2258.6733
1952,3801.1794
1953,866.20087
1954,1946.1401
1955,278.9554
1956,2172.1775
1957,2603.981
1958,655.4264
1959,383.3687
1960,4307.1567
1961,2071.2556
1962,1942.676
1963,2164.854
1964,3180.559
1965,767.39124
1966,698.8899
1967,2826.0278
1968,1851.3864
1969,322.6546
1970,430.90906
1971,2139.2922
1972,430.90906
1973,274.26514
1974,423.85184
1975,698.8899
1976,1283.3276
1977,3545.6082
1978,2591.606
1979,2601.9595
1980,1390.0374
1981,4592.573
1982,1219.9728
1983,1967.8175
1984,986.1784
1985,2464.6042
1986,2826.0278
1987,763.07806
1988,3774.1455
1989,570.166
1990,2675.284
1991,2426.7307
1992,2925.2583
1993,2092.3425
1994,4765.1978
1995,2447.2363
1996,3934.9067
1997,726.9652
1998,2169.815
1999,1803.5087
2000,2200.0198
2001,854.3955
2002,768.15186
2003,2988.1328
2004,3179.0215
2005,2935.143
2006,2428.561
2007,3202.7231
2008,2353.321
2009,2912.7847
2010,343.16837
2011,3971.7024
2012,347.7465
2013,676.44507
2014,2200.932
2015,3127.4343
2016,714.3464
2017,1664.1804
2018,3751.0898
2019,9.736536
2020,2448.906
2021,1870.767
2022,3186.7688
2023,2111.139
2024,758.9566
2025,2603.981
2026,2901.5876
2027,929.2803
2028,5199.9556
2029,3567.507
2030,1462.6504
2031,1861.9783
2032,4351.3135
2033,1703.448
2034,2175.1294
2035,1920.3073
2036,3329.99
2037,871.2653
2038,728.1762
2039,3202.889
2040,2510.316
2041,2447.9932
2042,1688.5199
2043,3924.6313
2044,2096.2107
2045,715.24225
2046,2843.4973
2047,3130.1196
2048,2670.4268
2049,1840.048
2050,2472.7825
2051,1137.6658
2052,643.1292
2053,2723.766
2054,2863.851
2055,732.5359
2056,980.8766
2057,690.9088
2058,3068.2468
2059,1006.9143
2060,2483.5432
2061,2966.601
2062,5936.7915
2063,985.3431
2064,1901.412
2065,856.3714
2066,749.7998
2067,968.7791
2068,1749.008
2069,3143.56
2070,2194.5728
2071,3493.548
2072,376.70187
2073,2140.8684
2074,1942.574
2075,570.166
2076,794.34125
2077,4611.84
2078,3014.4795
2079,1477.9657
2080,1709.9738
2081,3946.2505
2082,378.9022
2083,367.54507
2084,1654.5737
2085,1916.0376
2086,2609.4575
2087,734.10016
2088,2855.8723
2089,1345.0372
2090,3435.7014
2091,4117.542
2092,1769.4802
2093,3191.6326
2094,746.84424
2095,1218.809
2096,1944.9537
2097,2462.507
2098,2155.863
2099,2933.1316
2100,1814.6565
2101,2267.83
2102,1461.8905
2103,3170.2727
2104,3449.1218
2105,2445.6262
2106,561.56177
2107,2770.0225
2108,3137.7097
2109,3026.8545
2110,1564.0276
2111,2078.8403
2112,633.45996
2113,3599.3535
2114,804.13617
2115,302.42834
2116,2417.451
2117,939.85736
2118,631.5349
2119,2601.8054
2120,3821.45
2121,2522.2698
2122,5202.055
2123,5308.009
2124,2807.2524
2125,536.7945
2126,3170.2727
2127,2114.3584
2128,5410.908
2129,2493.1362
2130,1479.9874
2131,338.78558
2132,1666.8707
2133,3128.9978
2134,925.3532
2135,376.70187
2136,3045.3281
2137,4113.7065
2138,1034.5266
2139,831.24927
2140,4150.621
2141,4084.02
2142,3023.9622
2143,2650.45
2144,2601.9595
2145,2510.316
2146,294.04507
2147,3179.0215
2148,3900.9912
2149,4149.199
2150,2150.9094
2151,1924.6084
2152,1536.8748
2153,2925.0532
2154,2599.8599
2155,1051.0128
2156,5211.047
2157,3162.499
2158,1980.0863
2159,736.122
2160,2882.3352
2161,895.4244
2162,348.15765
2163,330.28256
2164,1491.6835
2165,1920.7957
2166,1371.583
2167,-74.305984
2168,1071.103
2169,5975.575
2170,2491.6406
2171,1821.3031
2172,2359.6301
2173,2983.0571
2174,1655.7998
2175,1229.3192
2176,2882.1555
2177,3380.8176
2178,686.7204
2179,-72.20639
2180,854.3955
2181,3192.5806
2182,3563.7278
2183,4124.963
2184,1819.6038
2185,6112.246
2186,502.85648
2187,5939.949
2188,2889.349
2189,1622.0206
2190,816.30566
2191,3484.8247
2192,3982.938
2193,808.60266
2194,1066.5992
2195,2094.111
2196,1516.5209
2197,3252.9617
2198,4000.8152
2199,2015.3146
2200,4020.6719
2201,5318.2837
2202,1946.4451
2203,714.1901
2204,5221.322
2205,1124.3611
2206,1428.0834
2207,2081.531
2208,5936.7915
2209,1913.5175
2210,2028.8315
2211,687.6237
2212,-105.08847
2213,872.38385
2214,3447.0222
2215,1964.7819
2216,1666.8907
2217,4075.9038
2218,2155.863
2219,3182.7463
2220,801.4677
2221,5400.6333
2222,457.82706
2223,3851.3179
2224,1676.0276
2225,2198.6653
2226,2483.873
2227,1599.7006
2228,945.7069
2229,1686.5052
2230,337.33978
2231,4000.8152
2232,3775.6719
2233,924.24493
2234,4307.1567
2235,596.5833
2236,3565.8274
2237,568.0664
2238,4140.6606
2239,3992.0562
2240,376.70187
2241,3122.9678
2242,1151.8433
2243,1074.8993
2244,1723.3553
2245,1307.4862
2246,2956.8997
2247,2520.5913
2248,4124.297
2249,3202.3772
2250,364.32703
2251,2926.377
2252,2918.8115
2253,2493.0298
2254,381.56137
2255,2831.8193
2256,43.705772
2257,2946.5366
2258,1607.6913
2259,4007.3691
2260,972.96814
2261,774.27496
2262,3930.4707
2263,2923.5195
2264,3112.2046
2265,3871.6716
2266,1506.2278
2267,5661.5103
2268,775.2868
2269,927.8866
2270,1437.3181
2271,3128.553
2272,3891.8345
2273,5320.3833
2274,813.1292
2275,1471.8073
2276,663.8858
2277,1376.4011
2278,3202.7231
2279,2170.078
2280,4601.565
2281,1430.7518
2282,1503.9604
2283,734.5438
2284,2218.0383
2285,1093.6189
2286,3980.7942
2287,3529.7817
2288,2091.6094
2289,2912.6782
2290,374.7896
2291,2629.6558
2292,2131.6445
2293,1037.1569
2294,1128.8218
2295,280.97345
2296,2741.958
2297,2892.8894
2298,795.5665
2299,2487.7107
2300,3117.1265
2301,300.7751
2302,590.0438
2303,2193.66
2304,2148.2832
2305,4010.8936
2306,673.0426
2307,1757.633
2308,1579.6002
2309,643.1292
2310,840.68744
2311,1565.2036
2312,2893.9976
2313,5413.008
2314,2601.8813
2315,1773.5001
2316,3542.6892
2317,3252.9617
2318,3173.5896
2319,3733.5725
2320,3452.7666
2321,1234.5538
2322,2403.143
2323,3127.0725
2324,2197.5828
2325,4113.7715
2326,2206.3855
2327,1897.4622
2328,1416.345
2329,3925.7402
2330,1656.5955
2331,985.3431
2332,2144.6106
2333,3467.4463
2334,2462.302
2335,1979.3125
2336,430.66904
2337,3109.614
2338,3937.0063
2339,975.5178
2340,639.72675
2341,1546.3457
2342,729.28503
2343,3885.264
2344,2347.2551
2345,321.2063
2346,3024.755
2347,3457.0674
2348,1321.738
2349,909.82117
2350,2490.1003
2351,713.0716
2352,1103.6676
2353,3193.1992
2354,3118.2776
2355,3173.7554
2356,-7.058879
2357,1089.5275
2358,1989.5878
2359,4430.971
2360,3211.88
2361,4081.5972
2362,450.03265
2363,2813.4678
2364,389.30093
2365,353.44363
2366,4023.955
2367,4163.054
2368,1450.5449
2369,2942.277
2370,3128.553
2371,775.2868
2372,3130.1196
2373,1943.2491
2374,2138.5344
2375,970.8787
2376,1481.4082
2377,1549.2853
2378,2102.511
2379,1502.1243
2380,570.166
2381,857.04407
2382,2202.3718
2383,3892.2334
2384,2143.492
2385,3180.559
2386,458.33484
2387,2493.0298
2388,1163.0219
2389,1229.3192
2390,659.5248
2391,449.95486
2392,4148.5215
2393,349.2377
2394,691.2246
2395,695.8101
2396,810.7023
2397,1698.7952
2398,1411.1052
2399,4081.5972
2400,3840.1438
2401,2569.3303
2402,1676.9408
2403,2139.2922
2404,527.2489
2405,3435.7014
2406,3200.7893
2407,5246.212
2408,276.36472
2409,695.8772
2410,1521.5564
2411,667.25165
2412,344.28683
2413,2015.3146
2414,2627.6052
2415,3924.6313
2416,2453.1655
2417,2461.2898
2418,1454.101
2419,2068.565
2420,345.26794
2421,2094.111
2422,2003.2091
2423,5286.6426
2424,2601.9595
2425,2588.5967
2426,3924.6313
2427,2654.025
2428,2162.9202
2429,3354.7158
2430,1048.4222
2431,827.2133
2432,3913.5408
2433,316.27542
2434,2601.8813
2435,3826.1401
2436,2635.5464
2437,2646.9673
2438,1968.2216
2439,2601.8813
2440,3899.3596
2441,688.74225
2442,3975.9543
2443,3127.4343
2444,2474.882
2445,2767.4976
2446,2159.8025
2447,3968.3757
2448,2614.1804
2449,2591.0422
2450,3182.7463
2451,3708.4094
2452,748.5775
2453,1550.9985
2454,1664.849
2455,-74.305984
2456,1954.2534
2457,3556.8555
2458,1277.7335
2459,4078.146
2460,1166.2399
2461,1605.6696
2462,2812.7568
2463,3999.4011
2464,3193.0217
2465,1417.1488
2466,1030.0431
2467,2589.5845
2468,1667.5271
2469,941.7455
2470,720.66656
2471,2974.757
2472,294.04507
2473,1947.4636
2474,2800.0605
2475,1234.5538
2476,678.4669
2477,1209.6196
2478,4106.7144
2479,448.05957
2480,3255.0613
2481,1430.183
2482,1802.0365
2483,2314.3513
2484,3152.0186
2485,706.9888
2486,2107.958
2487,2449.51
2488,324.58054
2489,2922.9536
2490,683.31793
2491,3563.7278
2492,1417.1488
2493,4789.27
2494,2048.0593
2495,3058.9836
2496,1945.3663
2497,3900.9912
2498,1612.0924
2499,290.33447
2500,1079.8774
2501,1449.6604
2502,1557.2627
2503,705.1713
2504,449.17804
2505,122.532585
2506,3191.6326
2507,1151.8708
2508,2031.2612
2509,2069.3218
2510,3255.0613
2511,1385.916
2512,2464.3625
2513,3541.038
2514,2028.8315
2515,310.27975
2516,365.4455
2517,1575.4789
2518,2049.8896
2519,1631.5674
2520,5320.3833
2521,3045.7935
2522,-83.46277
2523,1437.2402
2524,3529.7817
2525,2258.6733
2526,2834.5063
2527,1239.244
2528,1801.6909
2529,3541.489
2530,3128.9978
2531,2626.6135
2532,1388.8198
2533,3954.914
2534,748.6977
2535,1949.2134
2536,1481.1837
2537,905.6997
2538,3928.4905
2539,3899.3186
2540,1308.3792
2541,1022.1346
2542,3913.5408
2543,3482.9963
2544,1728.555
2545,1099.8083
2546,2928.8867
2547,5189.6807
2548,2336.121
2549,3341.0806
2550,2918.8115
2551,3733.5725
2552,3198.1658
2553,3154.9336
2554,737.3183
2555,4142.937
2556,3753.7917
2557,1666.8707
2558,1500.5061
2559,3128.553
2560,1995.5244
2561,170.41675
2562,3510.1292
2563,1582.4146
2564,2853.7727
2565,2169.815
2566,444.53055
2567,4088.408
2568,487.01672
2569,1351.9698
2570,2193.5186
2571,2094.3225
2572,1667.4185
2573,1920.3073
2574,3083.0405
2575,1151.8433
2576,3182.7463
2577,3274.3276
2578,3807.0352
2579,2238.6965
2580,1687.3025
2581,2788.97
2582,873.7817
2583,1576.3822
2584,305.13617
2585,2151.5217
2586,6114.3457
2587,4010.8936
2588,4115.5435
2589,4592.573
2590,2658.8381
2591,1390.6062
2592,1200.186
2593,1307.4083
2594,3097.239
2595,1115.2042
2596,3164.6519
2597,373.84622
2598,1353.4009
2599,2170.078
2600,432.93085
2601,1786.243
2602,1699.0068
2603,2459.6113
2604,2122.9873
2605,374.6023
2606,2081.531
2607,2593.1418
2608,1679.1787
2609,-84.58126
2610,733.9448
2611,1712.0734
2612,3565.8274
2613,1701.0286
2614,1687.3025
2615,2117.5767
2616,1450.0433
2617,3748.3862
2618,3112.2046
2619,1944.0405
2620,2601.9595
2621,276.36472
2622,292.06454
2623,4148.5215
2624,3934.9373
2625,327.0645
2626,338.78558
2627,2007.1199
2628,324.992
2629,1117.8727
2630,1944.0405
2631,5318.2837
2632,1447.6387
2633,2817.8447
2634,5975.575
2635,1602.6226
2636,3130.6526
2637,1310.2009
2638,674.2389
2639,2513.0066
2640,2758.3408
2641,443.43042
2642,1624.1202
2643,2861.9814
2644,2608.9504
2645,1532.1406
2646,2643.5251
2647,1377.6458
2648,274.613
2649,6123.4375
2650,600.62976
2651,3511.092
2652,374.7896
2653,3099.3977
2654,3946.2505
2655,3097.239
2656,1727.9283
2657,2966.6206
2658,2429.3213
2659,1758.2238
2660,1097.6669
2661,3163.978
2662,1302.4877
2663,374.6023
2664,905.6997
2665,1996.8446
2666,4130.9956
2667,1794.3029
2668,1866.6566
2669,3457.0674
2670,2510.316
2671,1688.7671
2672,1234.5538
2673,1717.6531
2674,1943.4156
2675,2588.072
2676,1373.8105
2677,448.05957
2678,2170.078
2679,2472.7825
2680,746.5986
2681,1404.7739
2682,4147.0996
2683,2139.558
2684,3109.614
2685,1935.971
2686,1746.2612
2687,823.7282
2688,1996.0288
2689,1364.1395
2690,2932.8796
2691,804.4912
2692,1321.4574
2693,3221.714
2694,355.5432
2695,3077.2378
2696,2182.2292
2697,2161.019
2698,5749.6685
2699,2922.9338
2700,1687.8513
2701,2616.504
2702,3813.7651
2703,2525.3816
2704,2570.4758
2705,836.42786
2706,2630.8235
2707,2801.0928
2708,1487.9192
2709,2501.916
2710,2976.1462
2711,3917.117
2712,725.06683
2713,2618.4485
2714,3242.6863
2715,2698.626
2716,1996.8446
2717,678.5447
2718,1943.3965
2719,1854.4623
2720,798.32733
2721,348.5367
2722,3159.193
2723,1757.1053
2724,2639.1936
2725,2840.8525
2726,1471.8073
2727,119.51762
2728,2603.981
2729,585.3269
2730,3913.5408
2731,1739.1069
2732,1915.6171
2733,2278.1055
2734,3541.489
2735,1108.8455
2736,3161.3804
2737,2837.6814
2738,872.38385
2739,1611.7454
2740,800.3492
2741,2878.152
2742,1995.2727
2743,2424.509
2744,2115.5781
2745,1916.0641
2746,3780.9333
2747,3575.9907
2748,690.1546
2749,1674.3148
2750,2833.9734
2751,-74.305984
2752,2832.4067
2753,2763.031
2754,791.1924
2755,2338.8499
2756,1341.4324
2757,2000.0626
2758,2963.6836
2759,3173.7554
2760,430.90906
2761,4106.6562
2762,3076.3162
2763,3560.4219
2764,439.6796
2765,1043.9556
2766,2599.8599
2767,2653.1033
2768,1339.8644
2769,1005.3763
2770,4138.2466
2771,425.87363
2772,3853.8574
2773,2158.5586
2774,2379.781
2775,2449.927
2776,900.1147
2777,2635.7703
2778,459.18945
2779,280.1545
2780,3149.919
2781,5410.908
2782,1492.3623
2783,3212.9985
2784,4096.2383
2785,3234.3247
2786,2944.437
2787,6114.3457
2788,268.68015
2789,1611.7454
2790,1934.8837
2791,3186.7688
2792,933.2479
2793,6111.063
2794,3154.9336
2795,252.79874
2796,1112.3448
2797,1314.5435
2798,-69.61571
2799,114.794106
2800,1934.8837
2801,3749.5117
2802,2949.8425
2803,3148.8003
2804,2770.7158
2805,3128.9978
2806,2928.4766
2807,458.33484
2808,1498.1945
2809,3789.9824
2810,2481.9392
2811,1664.849
2812,3979.9146
2813,654.30786
2814,2777.773
2815,1307.6721
2816,2513.1724
2817,2811.3682
2818,683.31793
2819,276.36472
2820,1479.0841
2821,2739.461
2822,4081.5972
2823,328.4797
2824,3127.4343
2825,3782.9253
2826,4307.1567
2827,292.06454
2828,2632.3281
2829,388.059
2830,385.3905
2831,3139.6436
2832,2957.61
2833,1690.5416
2834,2792.0818
2835,5739.3936
2836,283.07303
2837,590.0438
2838,3922.1094
2839,1285.3494
2840,2707.6367
2841,905.6997
2842,3450.667
2843,460.43442
2844,2580.7341
2845,1688.527
2846,693.5103
2847,2330.674
2848,376.70187
2849,943.76733
2850,409.78983
2851,131.8147
2852,3127.4343
2853,4040.104
2854,3131.185
2855,847.78516
2856,1619.9989
2857,3913.5408
2858,767.0333
2859,2903.5215
2860,2374.1958
2861,3332.0896
2862,376.2337
2863,1330.4836
2864,2189.1934
2865,351.24045
2866,990.438
2867,1511.2811
2868,4068.9893
2869,5410.908
2870,1025.9783
2871,267.20792
2872,666.9123
2873,3159.9973
2874,720.66656
2875,3056.884
2876,3915.6404
2877,2996.747
2878,2679.1174
2879,1657.7339
2880,1097.6669
2881,2072.3342
2882,2720.881
2883,3682.0508
2884,3565.4075
2885,697.9768
2886,4110.9463
2887,1890.0336
2888,3139.8093
2889,2451.5315
2890,3571.619
2891,792.5131
2892,3716.6274
2893,950.9023
2894,713.38086
2895,2307.722
2896,731.923
2897,306.94806
2898,572.85205
2899,2513.0066
2900,2618.4485
2901,800.3492
2902,3035.518
2903,3202.889
2904,3930.59
2905,126.45295
2906,1558.446
2907,2674.0417
2908,2472.7825
2909,1030.4053
2910,347.94238
2911,5448.634
2912,2942.277
2913,1018.61096
2914,4106.6562
2915,3505.8633
2916,372.69003
2917,916.49554
2918,655.4264
2919,3127.4343
2920,2182.377
2921,409.26517
2922,2817.8447
2923,570.75244
2924,2938.058
2925,2848.3674
2926,647.9802
2927,3159.6238
2928,725.44653
2929,598.9709
2930,4168.006
2931,2122.9873
2932,874.48346
2933,2024.1226
2934,3152.0186
2935,1916.0641
2936,3793.074
2937,2843.663
2938,2139.2922
2939,1343.1296
2940,2496.248
2941,1678.2517
2942,2659.5474
2943,2556.9553
2944,3492.2332
2945,1485.204
2946,1936.0182
2947,3274.3276
2948,1374.9722
2949,811.5376
2950,4117.542
2951,3141.4604
2952,3915.9568
2953,1702.9165
2954,2702.7275
2955,3187.543
2956,1200.186
2957,682.21765
2958,2623.1714
2959,861.5483
2960,3946.8923
2961,1439.3398
2962,1501.5376
2963,1388.0156
2964,869.3152
2965,1823.8134
2966,3555.132
2967,3934.9067
2968,570.166
2969,1159.8499
2970,2837.3054
2971,3891.8345
2972,3174.762
2973,3844.7007
2974,410.28073
2975,1636.3677
2976,935.1858
2977,3693.882
2978,3900.9912
2979,302.42834
2980,2447.8955
2981,3066.0408
2982,355.095
2983,122.657875
2984,669.0119
2985,2018.5563
2986,3913.5408
2987,2959.5652
2988,3353.4556
2989,383.3687
2990,3821.45
2991,661.1955
2992,833.2711
2993,2080.94
2994,697.89905
2995,2405.2427
2996,2561.6455
2997,3035.0527
2998,1997.963
2999,4144.3467
3000,1123.6844
3001,3897.639
3002,1933.7653
3003,3940.3218
3004,3979.0364
3005,2635.5464
3006,2091.6006
3007,2472.3716
3008,3601.4531
3009,5211.047
3010,5199.9556
3011,1705.585
3012,1716.9845
3013,5296.9175
3014,2662.771
3015,895.4244
3016,3574.9753
3017,734.22363
3018,2931.9248
3019,2489.8103
3020,4159.613
3021,2145.5925
3022,1925.6871
3023,289.3113
3024,3044.6748
3025,3044.6748
3026,3899.3186
3027,85.817566
3028,392.58908
3029,1524.5692
3030,2162.9202
3031,263.98987
3032,1943.3434
3033,2482.6558
3034,447.93307
3035,2068.565
3036,1732.0497
3037,3592.8613
3038,1137.96
3039,1666.8707
3040,2462.302
3041,922.051
3042,2483.873
3043,3239.2642
3044,3161.2927
3045,2218.7605
3046,3917.117
3047,449.17804
3048,3162.499
3049,1115.2821
3050,1924.6084
3051,950.9023
3052,2635.8877
3053,1478.4155
3054,1832.5596
3055,1415.1178
3056,3913.5408
3057,6062.0933
3058,1070.7206
3059,2455.5803
3060,-84.58126
3061,3250.5205
3062,688.15155
3063,1700.8169
3064,465.1247
3065,2405.077
3066,671.02075
3067,198.02869
3068,1756.9137
3069,859.0659
3070,1354.0695
3071,1314.5435
3072,725.44653
3073,688.82
3074,698.9326
3075,3152.0186
3076,5308.009
3077,5415.5986
3078,1304.2504
3079,1373.8105
3080,2484.0388
3081,1786.243
3082,4781.586
3083,799.40247
3084,1727.9283
3085,-104.185165
3086,2164.854
3087,274.26514
3088,5211.047
3089,1337.7648
3090,2175.1294
3091,1217.8732
3092,2632.3281
3093,2955.634
3094,2069.6304
3095,1996.8446
3096,383.3687
3097,3137.7097
3098,3913.5408
3099,2913.7969
3100,3505.8633
3101,2211.5286
3102,2205.8691
3103,4113.7715
3104,2030.9312
3105,2857.4507
3106,2086.6956
3107,676.44507
3108,3887.9739
3109,385.6934
3110,780.12506
3111,433.00864
3112,836.11206
3113,2218.7605
3114,6169.6543
3115,1035.4441
3116,3176.2996
3117,683.31793
3118,3023.9622
3119,864.5471
3120,3200.7893
3121,4798.2617
3122,804.83777
3123,3906.7957
3124,1130.9027
3125,339.43936
3126,2299.9548
3127,3663.188
3128,3047.893
3129,1920.0703
3130,2005.0393
3131,3633.868
3132,3913.5408
3133,2448.906
3134,2218.7605
3135,2832.4067
3136,2937.6333
3137,1074.9772
3138,3806.176
3139,1400.8441
3140,2868.9954
3141,5998.1714
3142,3128.553
3143,684.3088
3144,3938.288
3145,1008.03284
3146,3915.6404
3147,1364.0616
3148,3875.8335
3149,759.8946
3150,2894.5305
3151,801.4677
3152,114.871925
3153,4115.806
3154,1547.249
3155,661.86395
3156,5410.908
3157,2851.6477
3158,2078.1372
3159,723.3469
3160,6078.7197
3161,2184.2861
3162,4135.79
3163,327.0645
3164,3170.2727
3165,907.72156
3166,3157.0332
3167,439.6796
3168,5950.224
3169,3182.7463
3170,3894.4207
3171,1354.0695
3172,3987.7742
3173,1493.7831
3174,917.00006
3175,2358.4521
3176,1895.4489
3177,1923.5684
3178,3591.788
3179,3602.018
3180,1998.7446
3181,1395.0729
3182,716.28973
3183,729.82336
3184,3981.0159
3185,3096.892
3186,842.83905
3187,2704.8271
3188,3456.179
3189,1709.9738
3190,2946.3076
3191,1797.0172
3192,1872.4181
3193,2449.927
3194,3591.788
3195,941.6677
3196,1503.9604
3197,2483.873
3198,1726.8345
3199,2996.123
3200,1688.527
3201,2567.2307
3202,2193.5186
3203,3781.852
3204,2832.3872
3205,515.2313
3206,288.57428
3207,471.63135
3208,265.10834
3209,568.0664
3210,1945.3663
3211,3157.0332
3212,1281.228
3213,904.5812
3214,1746.0144
3215,3159.0757
3216,2312.2517
3217,2770.7158
3218,1583.494
3219,3445.9768
3220,1709.9738
3221,628.9242
3222,652.73505
3223,700.8765
3224,4107.6035
3225,1342.7542
3226,1528.8289
3227,2172.0994
3228,2096.2107
3229,2226.849
3230,1068.6989
3231,-72.20639
3232,2834.5063
3233,3840.1438
3234,2622.8213
3235,6121.338
3236,744.63293
3237,2480.5562
3238,2310.2302
3239,316.51602
3240,2016.0306
3241,265.94946
3242,1278.5403
3243,4169.7944
3244,2589.5845
3245,606.9895
3246,2722.6475
3247,3937.0063
3248,1609.7236
3249,2040.3743
3250,2643.9465
3251,2072.3342
3252,2923.5195
3253,757.8765
3254,2383.711
3255,1653.1958
3256,1913.5175
3257,125.14718
3258,2989.74
3259,3541.038
3260,1890.0336
3261,2401.9912
3262,1132.3749
3263,1041.5839
3264,276.36472
3265,751.7775
3266,697.9768
3267,374.7896
3268,3119.7395
3269,686.05194
3270,2945.235
3271,625.6699
3272,1086.1742
3273,2768.6162
3274,3759.787
3275,2447.2363
3276,2826.1106
3277,2172.4387
3278,3796.652
3279,2331.698
3280,433.00864
3281,713.9568
3282,131.8147
3283,3574.9841
3284,3591.788
3285,2092.7874
3286,1934.8837
3287,3717.5251
3288,3319.3792
3289,2543.6357
3290,2218.7605
3291,2925.2583
3292,189.94438
3293,3924.6313
3294,457.47702
3295,2932.8796
3296,3845.4521
3297,2697.7957
3298,1236.5756
3299,2081.531
3300,907.7993
3301,1676.9408
3302,2438.8364
3303,1989.5878
3304,3962.4392
3305,2819.0847
3306,2501.916
3307,3555.132
3308,1677.0187
3309,2609.4575
3310,1727.9283
3311,3321.4788
3312,4121.794
3313,374.6023
3314,4142.187
3315,756.5897
3316,658.1369
3317,2069.6304
3318,1804.3812
3319,267.77966
3320,3142.4946
3321,2986.782
3322,2614.1804
3323,4287.3833
3324,2122.126
3325,297.73108
3326,3143.56
3327,2242.7397
3328,4090.1287
3329,3924.6313
3330,3252.9617
3331,2455.2651
3332,5221.322
3333,4140.6606
3334,1521.5564
3335,2422.6223
3336,1294.4427
3337,810.7023
3338,2112.9692
3339,640.8453
3340,-84.58126
3341,2849.4016
3342,1491.6835
3343,2501.916
3344,1924.6084
3345,3490.697
3346,429.22794
3347,3368.1663
3348,3883.171
3349,570.166
3350,1415.1178
3351,375.11523
3352,3777.715
3353,4176.851
3354,735.2187
3355,3161.2927
3356,1052.7769
3357,2005.7997
3358,3196.128
3359,946.9413
3360,636.0974
3361,2590.9202
3362,1510.6401
3363,1606.856
3364,339.43936
3365,544.6612
3366,5413.008
3367,3786.1116
3368,1671.4529
3369,1219.8949
3370,1521.5564
3371,894.3287
3372,711.11096
3373,1448.4453
3374,5202.055
3375,2739.7126
3376,2024.4714
3377,2829.6868
3378,276.36472
3379,1729.9501
3380,4540.7065
3381,2621.2375
3382,834.26196
3383,342.49484
3384,2892.7385
3385,1825.913
3386,2650.1614
3387,4033.0469
3388,2926.377
3389,2070.2434
3390,570.166
3391,1444.8705
3392,4135.255
3393,935.4397
3394,3176.2996
3395,1491.4956
3396,1737.0852
3397,2599.8599
3398,3662.7947
3399,5945.919
3400,276.36472
3401,753.92126
3402,2068.565
3403,1446.4424
3404,2216.661
3405,3891.8345
3406,1750.3818
3407,2438.8364
3408,1717.5687
3409,3148.8003
3410,2072.3342
3411,5296.9175
3412,3928.4905
3413,1555.4396
3414,3897.639
3415,2192.903
3416,1666.28
3417,3139.6436
3418,1370.5656
3419,915.7696
3420,3152.2236
3421,585.40466
3422,1599.7208
3423,1823.8134
3424,2483.873
3425,3855.017
3426,3222.1553
3427,1274.5155
3428,2172.1775
3429,2528.436
3430,2115.808
3431,2934.4656
3432,1272.4938
3433,1353.9916
3434,316.10486
3435,1719.6748
3436,1685.3313
3437,5924.417
3438,720.87805
3439,4143.7876
3440,3964.1162
3441,1570.8209
3442,801.5455
3443,2184.2861
3444,2645.4062
3445,2822.1313
3446,2184.2861
3447,1536.7319
3448,867.29504
3449,4126.698
3450,1987.0795
3451,1454.6038
3452,3847.5518
3453,2202.3718
3454,3026.8545
3455,2854.86
3456,2151.5217
3457,3484.7476
3458,1541.1062
3459,5945.919
3460,675.85785
3461,1995.2727
3462,-93.90989
3463,3171.0095
3464,2084.0127
3465,734.8077
3466,3274.3276
3467,1495.8048
3468,457.47702
3469,2881.6077
3470,1479.0841
3471,2510.316
3472,2949.8425
3473,76.49161
3474,1305.3866
3475,2637.8699
3476,1656.5955
3477,3148.9067
3478,1217.9303
3479,2077.0244
3480,909.82117
3481,599.34674
3482,6027.515
3483,1732.0497
3484,1354.4562
3485,2504.0156
3486,2939.1558
3487,825.8278
3488,240.62804
3489,2873.2378
3490,589.43286
3491,3543.6287
3492,1732.0497
3493,1674.9191
3494,767.67346
3495,2464.7837
3496,4142.187
3497,869.21356
3498,4033.0469
3499,1958.5546
3500,4148.5215
3501,951.94946
3502,376.70187
3503,2845.597
3504,1090.4886
3505,2841.3103
3506,2882.1555
3507,4148.5215
3508,2070.2346
3509,2437.135
3510,941.7455
3511,3149.919
3512,1387.9377
3513,3014.1326
3514,425.09848
3515,-104.185165
3516,1380.2609
3517,4798.2617
3518,3618.2117
3519,4131.413
3520,3885.264
3521,2405.2427
3522,2843.663
3523,3915.9568
3524,3211.9663
3525,4040.104
3526,4176.7866
3527,2514.066
3528,2240.829
3529,3965.1895
3530,2417.452
3531,3178.3992
3532,1449.6604
3533,3135.3428
3534,4132.069
3535,3128.553
3536,398.27933
3537,5659.4106
3538,686.7204
3539,2957.6484
3540,3045.3281
3541,642.46075
3542,1694.4882
3543,2081.284
3544,934.51
3545,1793.2903
3546,2092.7874
3547,2462.684
3548,1623.6841
3549,1195.3961
3550,1341.6946
3551,3142.4946
3552,2589.5845
3553,647.65894
3554,1364.0616
3555,654.30786
3556,2917.3943
3557,355.17023
3558,700.5675
3559,3319.7146
3560,4134.6123
3561,1372.5873
3562,3173.5896
3563,1059.6193
3564,2612.0808
3565,1597.8545
3566,387.49008
3567,2035.5624
3568,1885.5145
3569,2878.663
3570,559.5399
3571,2449.927
3572,3252.9617
3573,2822.1313
3574,3107.5144
3575,261.54138
3576,6062.0933
3577,3341.0806
3578,2945.003
3579,1417.1488
3580,1899.3124
3581,4095.3696
3582,5235.937
3583,3577.5747
3584,1811.1934
3585,2247.5828
3586,1224.2007
3587,1979.478
3588,2195.7595
3589,2955.634
3590,957.8353
3591,2964.6672
3592,917.8692
3593,1834.81
3594,1356.66
3595,934.9438
3596,449.17804
3597,4133.095
3598,4090.1287
3599,1688.6049
3600,592.14343
3601,2473.7769
3602,1676.23
3603,1624.6891
3604,-93.90989
3605,2472.7825
3606,1903.223
3607,808.60266
3608,308.5781
3609,3139.6436
3610,2201.6084
3611,3749.6194
3612,3287.5327
3613,353.34003
3614,1042.3297
3615,1889.1542
3616,3560.4219
3617,1728.8317
3618,1318.1088
3619,6252.3022
3620,5189.6807
3621,2172.4387
3622,3933.8296
3623,2439.1565
3624,3916.938
3625,1437.3181
3626,2312.3298
3627,2172.1775
3628,425.87363
3629,4058.7139
3630,1640.3687
3631,2448.906
3632,592.14343
3633,3710.468
3634,2448.906
3635,570.166
3636,3670.6123
3637,3131.185
3638,448.05957
3639,2440.936
3640,3681.8687
3641,685.60187
3642,971.35236
3643,1620.9022
3644,4137.378
3645,1575.4789
3646,737.3211
3647,2255.9827
3648,1518.5955
3649,2892.431
3650,1438.17
3651,3161.3804
3652,2933.0435
3653,3242.6863
3654,2106.9224
3655,2449.432
3656,2616.3381
3657,917.79144
3658,2143.488
3659,1934.8837
3660,3647.1643
3661,4589.602
3662,2852.3835
3663,2447.2363
3664,460.43442
3665,3475.425
3666,3037.6177
3667,433.00864
3668,448.8364
3669,1337.7648
3670,661.86395
3671,270.69818
3672,2938.64
3673,2770.0225
3674,2606.4956
3675,4081.5972
3676,1229.1273
3677,1710.0516
3678,2177.229
3679,280.1545
3680,3109.614
3681,3127.4343
3682,1936.9833
3683,274.26514
3684,1650.6439
3685,3726.9028
3686,1669.5005
3687,3191.6326
3688,2218.6824
3689,2437.135
3690,3971.6816
3691,3069.259
3692,4185.943
3693,1419.1705
3694,2606.6497
3695,1493.7831
3696,835.62537
3697,2779.1067
3698,3913.5408
3699,1086.1742
3700,2974.757
3701,1832.7104
3702,3531.8813
3703,468.2868
3704,3562.6091
3705,859.0659
3706,2155.863
3707,1524.4999
3708,1290.8966
3709,2358.8628
3710,1783.7754
3711,1970.9294
3712,1542.4958
3713,3224.255
3714,3902.1099
3715,3191.6326
3716,1315.4567
3717,5410.908
3718,2852.654
3719,4184.4766
3720,873.2872
3721,3531.8813
3722,2635.7786
3723,1983.1497
3724,570.166
3725,2568.4023
3726,2440.936
3727,3964.1162
3728,674.2389
3729,1809.0938
3730,2642.0679
3731,1985.7537
3732,773.1085
3733,2749.6772
3734,383.78113
3735,659.79224
3736,2735.6082
3737,3351.198
3738,2858.8372
3739,2749.6772
3740,1073.7908
3741,568.0664
3742,792.72034
3743,3913.5408
3744,3931.592
3745,2155.867
3746,378.03143
3747,1932.1934
3748,1577.5785
3749,2141.92
3750,374.6023
3751,3180.559
3752,3005.2798
3753,2194.5728
3754,2111.0178
3755,1926.4243
3756,673.0426
3757,2643.5251
3758,2368.7275
3759,1481.4082
3760,2614.1804
3761,3602.018
3762,1663.7306
3763,2922.9536
3764,2414.7612
3765,561.0092
3766,1639.1849
3767,4452.3374
3768,1207.3212
3769,805.0153
3770,1966.3215
3771,3193.7322
3772,695.8772
3773,3827.7078
3774,2628.9182
3775,461.78015
3776,4110.9463
3777,771.54504
3778,2747.5776
3779,1048.4318
3780,887.2715
3781,1774.3755
3782,758.9566
3783,2844.2488
3784,687.6237
3785,1564.535
3786,1678.1272
3787,355.5432
3788,3892.2334
3789,1503.5593
3790,1677.0187
3791,1365.248
3792,720.66656
3793,737.3211
3794,4159.613
3795,3013.6868
3796,3803.5247
3797,6076.62
3798,3500.8167
3799,3934.7512
3800,1113.7413
3801,3264.0522
3802,1430.183
3803,1970.3212
3804,890.2261
3805,3980.8384
3806,383.78113
3807,3057.0498
3808,3913.3662
3809,3057.0498
3810,582.98663
3811,1811.8065
3812,3306.9165
3813,274.26514
3814,1305.3866
3815,958.5038
3816,2881.6077
3817,3964.0708
3818,3161.2927
3819,2957.61
3820,2139.653
3821,3172.4897
3822,1618.8805
3823,3127.4343
3824,2662.98
3825,687.6237
3826,2196.6724
3827,941.8792
3828,2460.2024
3829,2447.9932
3830,4808.5366
3831,2048.0593
3832,3983.9446
3833,2449.51
3834,1343.7163
3835,4088.421
3836,1736.8575
3837,919.80365
3838,1273.726
3839,2022.1044
3840,3252.9617
3841,3164.5986
3842,267.20792
3843,2161.824
3844,3937.0063
3845,663.8858
3846,3178.3992
3847,394.0564
3848,335.26727
3849,1284.1715
3850,4072.7104
3851,3574.5642
3852,1666.8707
3853,1198.0864
3854,3556.1624
3855,312.97318
3856,1065.9307
3857,2450.8127
3858,3329.99
3859,3472.3726
3860,698.81213
3861,1933.8713
3862,301.28638
3863,5924.417
3864,1481.1058
3865,316.51602
3866,283.78433
3867,2450.0928
3868,2045.9596
3869,4130.9956
3870,614.3431
3871,3154.9336
3872,2363.5964
3873,2174.959
3874,2147.2622
3875,316.51602
3876,1831.9786
3877,768.2296
3878,429.388
3879,1555.5026
3880,2638.4614
3881,2195.7595
3882,568.0664
3883,2648.3503
3884,2640.561
3885,2439.1565
3886,898.40137
3887,379.584
3888,5202.055
3889,3200.3875
3890,3212.9985
3891,3207.579
3892,782.2247
3893,405.8661
3894,2624.9883
3895,687.6237
3896,1747.9485
3897,1963.1002
3898,570.166
3899,2660.5596
3900,994.7621
3901,794.7422
3902,1137.96
3903,1397.1725
3904,860.1601
3905,6114.3457
3906,746.55566
3907,3541.038
3908,410.2334
3909,758.973
3910,2396.086
3911,1366.1613
3912,3341.0806
3913,1356.0912
3914,1822.4352
3915,5189.6807
3916,1548.3674
3917,3860.4746
3918,2892.5042
3919,1678.1272
3920,2097.0327
3921,2452.6833
3922,5939.949
3923,2966.7668
3924,1602.1128
3925,2643.9465
3926,2163.1187
3927,2060.165
3928,385.4683
3929,2566.3027
3930,2153.6213
3931,846.7117
3932,2892.431
3933,2603.981
3934,2308.0688
3935,2156.9333
3936,1664.849
3937,907.72156
3938,1054.4938
3939,245.31831
3940,1949.1842
3941,2657.869
3942,2092.9924
3943,774.7065
3944,769.2314
3945,1661.9501
3946,1186.5938
3947,1483.4299
3948,1664.849
3949,3902.1099
3950,2045.9596
3951,2001.6409
3952,815.87915
3953,1668.9703
3954,1727.9283
3955,3627.3684
3956,1525.6777
3957,3538.9385
3958,3565.4075
3959,479.0974
3960,1068.621
3961,2438.8364
3962,3586.1812
3963,2894.5305
3964,2193.66
3965,671.02075
3966,4131.413
3967,3557.9832
3968,3023.9622
3969,3151.0063
3970,355.17023
3971,2078.8403
3972,3743.0964
3973,2174.1172
3974,3208.7554
3975,2801.0928
3976,3045.3281
3977,864.6249
3978,2071.2556
3979,710.73834
3980,1364.1395
3981,1536.8748
3982,4115.206
3983,455.25177
3984,2923.5195
3985,3577.367
3986,3598.1472
3987,1041.6617
3988,1325.7405
3989,1680.7957
3990,844.1202
3991,5320.3833
3992,715.8013
3993,3936.617
3994,376.70187
3995,2414.2336
3996,2115.0688
3997,3130.6526
3998,3532.1765
3999,893.1315
4000,372.69003
4001,1074.9772
4002,1703.2639
4003,655.4264
4004,3874.0818
4005,1502.1243
4006,1856.3813
4007,3809.075
4008,582.98663
4009,1694.7472
4010,373.09344
4011,2571.488
4012,1132.9244
4013,1674.9191
4014,3913.5408
4015,695.8772
4016,2155.863
4017,286.4747
4018,1275.7118
4019,4149.7524
4020,5299.017
4021,3928.2117
4022,3511.092
4023,3109.614
4024,4088.408
4025,801.4677
4026,421.75226
4027,2560.5415
4028,2723.766
4029,2462.684
4030,929.37054
4031,2923.8752
4032,3563.7278
4033,4178.9507
4034,2844.282
4035,3059.735
4036,265.10834
4037,2931.0671
4038,3142.4946
4039,3890.6833
4040,3274.3276
4041,1298.9832
4042,385.4683
4043,2469.3591
4044,5446.534
4045,3906.7957
4046,387.76764
4047,1913.5175
4048,-19.43375
4049,2449.927
4050,2216.661
4051,1226.1012
4052,376.3115
4053,1415.7864
4054,364.32703
4055,3127.4343
4056,5296.9175
4057,6137.136
4058,682.9351
4059,124.632164
4060,1363.2263
4061,2955.9973
4062,2131.6445
4063,2942.8994
4064,950.9462
4065,1700.8948
4066,2983.512
4067,1943.4156
4068,4545.4395
4069,353.44363
4070,3628.487
4071,2211.3628
4072,2725.8657
4073,3589.8296
4074,2438.8364
4075,2959.748
4076,1447.5225
4077,324.992
4078,3152.0186
4079,3780.9333
4080,2212.8584
4081,1947.4636
4082,2403.143
4083,125.14718
4084,844.64844
4085,883.64026
4086,5952.3237
4087,3538.9385
4088,3252.9617
4089,3047.36
4090,3591.788
4091,2892.431
4092,2379.781
4093,881.21936
4094,112.77233
4095,1831.0566
4096,1677.8024
4097,410.28073
4098,3543.5886
4099,1730.028
4100,3204.2188
4101,1526.7292
4102,1700.8169
4103,3107.5144
4104,137.70938
4105,3139.8093
4106,3870.75
4107,2807.5498
4108,759.5249
4109,2521.0557
4110,1915.6171
4111,1356.0912
4112,2174.2278
4113,1978.6964
4114,2481.9392
4115,2025.3932
4116,709.1737
4117,1423.4801
4118,2355.0415
4119,918.72833
4120,1535.4019
4121,3726.9028
4122,697.832
4123,1463.9901
4124,3632.5044
4125,2498.683
4126,1541.2422
4127,496.4438
4128,1503.3673
4129,916.9561
4130,5221.322
4131,3139.8093
4132,725.44653
4133,2576.3875
4134,3892.2334
4135,1842.7891
4136,93.923775
4137,2903.6873
4138,840.18195
4139,1947.4636
4140,3531.8813
4141,2783.6233
4142,1358.0465
4143,2604.129
4144,3200.3875
4145,2072.3342
4146,6076.62
4147,376.70187
4148,1374.3455
4149,4117.9663
4150,2847.302
4151,814.5704
4152,3139.8093
4153,326.38013
4154,2062.2646
4155,833.392
4156,1801.1986
4157,1384.7976
4158,3563.7278
4159,274.26514
4160,2787.1833
4161,374.6023
4162,1150.2712
4163,4166.576
4164,2633.6711
4165,2148.449
4166,295.6315
4167,4055.242
4168,2505.4465
4169,1677.166
4170,2911.6775
4171,1702.9165
4172,1139.496
4173,3109.614
4174,3154.9336
4175,2383.711
4176,1679.1787
4177,2426.7307
4178,2450.0928
4179,1521.8966
4180,3039.265
4181,688.82
4182,3598.984
4183,916.9561
4184,1935.3582
4185,6123.4375
4186,918.97797
4187,892.3257
4188,906.603
4189,1341.4324
4190,657.526
4191,891.4947
4192,3486.3984
4193,1559.9062
4194,3947.6875
4195,3913.5408
4196,3162.499
4197,3181.3572
4198,1737.0852
4199,3175.9082
4200,2670.2966
4201,2816.0583
4202,2666.913
4203,2976.8765
4204,1900.6818
4205,3604.1177
4206,2036.6808
4207,2008.6255
4208,365.4455
4209,4107.4946
4210,311.47574
4211,2626.0225
4212,351.24045
4213,2035.5624
4214,3814.4595
4215,298.30283
4216,2227.4158
4217,1568.7213
4218,2153.7673
4219,3990.5398
4220,880.3871
4221,1983.1497
4222,2871.0464
4223,922.2231
4224,362.41476
4225,2128.1597
4226,327.71295
4227,2195.5938
4228,1936.9833
4229,570.75244
4230,2627.3733
4231,296.73093
4232,1327.8113
4233,1847.0402
4234,1688.5199
4235,1273.6122
4236,2623.9229
4237,2096.2107
4238,904.5812
4239,1420.4766
4240,681.2961
4241,3069.259
4242,1343.7163
4243,1449.6604
4244,1674.0059
4245,430.90906
4246,1937.1884
4247,2074.4941
4248,768.15186
4249,4590.4736
4250,95.446144
4251,5934.692
4252,1151.8708
4253,358.7569
4254,1799.9369
4255,112.77233
4256,1391.0251
4257,1304.718
4258,1304.718
4259,628.5481
4260,2986.5781
4261,3928.4905
4262,347.7465
4263,2698.8499
4264,813.6372
4265,4027.993
4266,905.03125
4267,1516.5209
4268,2015.3146
4269,2191.8733
4270,5448.634
4271,1471.5566
4272,3648.736
4273,3611.6165
4274,3925.7805
4275,1920.7957
4276,769.84973
4277,5950.224
4278,2915.8965
4279,3591.9292
4280,3930.59
4281,1681.2004
4282,1651.4374
4283,1944.9537
4284,3491.8047
4285,2208.407
4286,2350.6973
4287,1892.1332
4288,448.05957
4289,1968.8298
4290,3288.1184
4291,906.1133
4292,1377.6228
4293,297.73108
4294,2164.854
4295,3935.9292
4296,1739.1848
4297,2060.165
4298,2174.199
4299,539.9709
4300,1493.7831
4301,2440.936
4302,709.1213
4303,1909.0068
4304,1371.7109
4305,1295.9958
4306,979.95776
4307,2604.129
4308,802.1989
4309,1619.9989
4310,3184.9524
4311,3044.6748
4312,3152.2236
4313,2957.61
4314,963.2241
4315,267.20792
4316,1586.7354
4317,-81.44097
4318,2810.336
4319,3740.1995
4320,1036.0474
4321,276.36472
4322,263.98987
4323,3149.919
4324,2164.854
4325,1846.5479
4326,2995.0044
4327,1089.0576
4328,723.3469
4329,2522.2698
4330,1666.8707
4331,3182.7463
4332,3553.4524
4333,681.6051
4334,3181.3572
4335,630.56995
4336,606.40393
4337,1657.7339
4338,1311.2378
4339,2523.282
4340,313.60693
4341,2651.4565
4342,3066.1472
4343,1062.6023
4344,1512.3995
4345,1350.5114
4346,3354.7158
4347,1067.2925
4348,1517.7753
4349,806.2358
4350,326.38013
4351,3889.0232
4352,3861.5933
4353,2199.5088
4354,3964.2573
4355,1320.754
4356,2449.927
4357,2139.2922
4358,703.40265
4359,591.5325
4360,385.6934
4361,4604.5596
4362,4159.812
4363,1548.4453
4364,3966.2158
4365,725.44653
4366,4086.1196
4367,2178.6577
4368,2846.3484
4369,655.9685
4370,1949.5632
4371,5299.017
4372,656.63696
4373,1375.6407
4374,2940.1775
4375,3324.023
4376,1048.3444
4377,835.49164
4378,5318.2837
4379,3938.913
4380,2150.9094
4381,6010.74
4382,1577.5785
4383,3185.9646
4384,3153.3066
4385,3903.2654
4386,2062.2646
4387,713.6325
4388,3152.0186
4389,1272.9436
4390,3897.219
4391,809.51575
4392,2215.9387
4393,1551.3815
4394,2938.058
4395,3019.077
4396,2633.4468
4397,1379.6445
4398,1031.8363
4399,1666.8707
4400,957.8353
4401,512.8841
4402,856.5752
4403,1906.0681
4404,2218.7605
4405,2112.5898
4406,5664.101
4407,1748.2822
4408,1930.4337
4409,-74.305984
4410,1412.2236
4411,1417.1488
4412,2925.7563
4413,3178.3992
4414,3857.0757
4415,1890.0336
4416,2633.4468
4417,2580.7668
4418,303.33167
4419,1656.5955
4420,935.5978
4421,16.793732
4422,1370.5656
4423,4097.565
4424,527.59595
4425,1702.9165
4426,2911.6775
4427,3924.6313
4428,4163.054
4429,1619.9989
4430,704.9669
4431,316.10486
4432,3171.6558
4433,1065.7424
4434,3154.9336
4435,355.17023
4436,1665.1921
4437,2424.631
4438,349.06085
4439,1151.1747
4440,375.11523
4441,3174.762
4442,693.22565
4443,730.4363
4444,3971.6816
4445,1685.2029
4446,274.26514
4447,1424.206
4448,1985.7537
4449,2405.077
4450,688.74225
4451,746.5986
4452,1676.9408
4453,739.5245
4454,2447.9932
4455,462.4562
4456,1436.0242
4457,906.6808
4458,1544.3195
4459,927.9518
4460,1674.0059
4461,3685.3044
4462,4106.7144
4463,557.7911
4464,3067.1594
4465,1907.8301
4466,2443.5266
4467,2124.6338
4468,737.57574
4469,1356.0912
4470,2501.916
4471,1526.591
4472,1005.9247
4473,5202.055
4474,2162.1633
4475,2562.497
4476,2965.0679
4477,1115.2821
4478,1320.6761
4479,1501.4557
4480,678.8375
4481,975.5178
4482,2112.7864
4483,3117.629
4484,490.58994
4485,3118.2776
4486,2671.2131
4487,3175.0803
4488,3767.431
4489,1459.8688
4490,3128.5334
4491,3139.6436
4492,2960.0059
4493,1361.1267
4494,1286.8904
4495,2069.3218
4496,570.166
4497,3657.44
4498,3879.5784
4499,4021.8555
4500,2402.3862
4501,1893.3492
4502,1468.8088
4503,3923.5996
4504,3513.1917
4505,834.9634
4506,3661.7517
4507,3896.5247
4508,3618.9631
4509,2175.1294
4510,3696.7075
4511,123.047585
4512,3926.7725
4513,3760.8489
4514,2474.882
4515,750.7031
4516,1512.3995
4517,3249.3838
4518,2192.6057
4519,3924.6313
4520,2462.302
4521,1479.0841
4522,1282.769
4523,4328.523
4524,1946.4451
4525,1569.4077
4526,4086.1196
4527,3933.8755
4528,3968.3757
4529,5985.85
4530,650.0021
4531,1371.7109
4532,688.74225
4533,4063.5537
4534,355.37793
4535,1227.2196
4536,2474.5315
4537,970.8787
4538,2615.747
4539,2960.0059
4540,3068.2468
4541,2400.2034
4542,1113.1825
4543,568.0664
4544,2496.248
4545,295.6315
4546,5413.008
4547,2203.8438
4548,1913.5175
4549,313.68472
4550,3216.6765
4551,285.35623
4552,2206.3855
4553,3148.8262
4554,2134.1328
4555,2179.558
4556,5448.634
4557,761.0562
4558,3531.8813
4559,2623.3044
4560,2437.8057
4561,283.07303
4562,731.923
4563,3915.6404
4564,2768.6162
4565,3576.6638
4566,3818.551
4567,2601.9595
4568,3159.9973
4569,3914.3975
4570,4775.4727
4571,394.56564
4572,3152.0186
4573,3529.7817
4574,937.0434
4575,337.33978
4576,3886.9436
4577,673.75824
4578,2165.0198
4579,679.3312
4580,3097.298
4581,2986.599
4582,1533.0936
4583,3555.8835
4584,1922.6743
4585,2624.9883
4586,5286.6426
4587,3639.7434
4588,2527.9668
4589,2148.2832
4590,763.64386
4591,181.53586
4592,3874.5007
4593,5211.047
4594,2139.653
4595,3130.1196
4596,2968.2065
4597,2828.295
4598,1918.2076
4599,1310.2009
4600,1696.1255
4601,3998.8376
4602,3076.3162
4603,1736.8575
4604,1276.1925
4605,2522.2698
4606,2070.2346
4607,1459.7305
4608,2767.4976
4609,2612.0808
4610,4789.27
4611,2180.2954
4612,2198.6653
4613,2095.86
4614,813.839
4615,2945.6235
4616,558.9096
4617,1913.5175
4618,2777.007
4619,580.887
4620,686.7204
4621,5211.047
4622,5223.4214
4623,2235.767
4624,996.54
4625,3577.367
4626,562.6803
4627,5299.017
4628,2173.2383
4629,2718.2942
4630,3511.2158
4631,365.4455
4632,407.276
4633,1448.4453
4634,2510.316
4635,2816.3628
4636,3864.1377
4637,654.30786
4638,2616.771
4639,2522.1633
4640,337.33978
4641,3127.0725
4642,1668.0092
4643,3719.8457
4644,3761.6829
4645,3130.1196
4646,2557.522
4647,3169.2888
4648,1703.0984
4649,1792.1719
4650,916.9561
4651,722.6884
4652,1607.6913
4653,264.56058
4654,112.77233
4655,871.2653
4656,3927.8591
4657,1293.2811
4658,1219.2313
4659,869.3169
4660,316.10486
4661,3949.9028
4662,1325.7405
4663,3026.0618
4664,1511.731
4665,569.81525
4666,2615.5312
4667,1364.2827
4668,2129.367
4669,813.7753
4670,1458.8173
4671,440.92456
4672,549.57336
4673,4137.3545
4674,364.32703
4675,2180.8687
4676,751.8994
4677,2607.358
4678,1078.1138
4679,3190.514
4680,2829.6868
4681,1954.0165
4682,919.89105
4683,339.43936
4684,2569.3303
4685,115.990395
4686,1490.3406
4687,667.14087
4688,3601.4531
4689,799.40247
4690,376.5366
4691,2511.0728
4692,1351.3013
4693,4030.9473
4694,2894.5305
4695,1775.9678
4696,3787.9905
4697,1640.3687
4698,2148.053
4699,2221.351
4700,2644.9082
4701,907.72156
4702,2447.2363
4703,1173.2971
4704,2976.8765
4705,846.1003
4706,688.74225
4707,3988.204
4708,417.46152
4709,3462.8486
4710,2004.1445
4711,3939.8352
4712,1115.2042
4713,7.6369386
4714,2143.488
4715,2777.773
4716,2471.6638
4717,2100.7424
4718,1556.0717
4719,462.1329
4720,2440.936
4721,4135.255
4722,438.90277
4723,3872.8496
4724,2463.2673
4725,3361.773
4726,396.35815
4727,326.38013
4728,1753.2869
4729,3900.9912
4730,2136.074
4731,1104.929
4732,3449.1218
4733,54.95996
4734,1356.3605
4735,1541.0283
4736,763.2869
4737,2618.6143
4738,1822.3904
4739,2601.8813
4740,2612.0808
4741,9.658735
4742,1692.3885
4743,3391.3044
4744,3579.5542
4745,1232.4542
4746,3014.4795
4747,4023.955
4748,2481.1824
4749,3946.8923
4750,3892.3774
4751,861.40674
4752,3252.9617
4753,2780.4583
4754,3555.8835
4755,723.3469
4756,1933.7653
4757,1609.7236
4758,3900.9912
4759,1901.412
4760,750.7031
4761,5286.6426
4762,1130.4579
4763,376.70187
4764,2134.3352
4765,160.06366
4766,3026.0618
4767,3604.1177
4768,2220.782
4769,749.13135
4770,363.26807
4771,3109.614
4772,9.658735
4773,486.6213
4774,2491.6406
4775,125.14718
4776,2379.781
4777,1943.4323
4778,1622.0985
4779,309.2182
4780,854.3955
4781,2925.77
4782,1811.9662
4783,1701.0237
4784,772.9199
4785,4159.613
4786,3196.128
4787,4192.585
4788,2591.606
4789,2833.085
4790,3193.7322
4791,756.5897
4792,1895.811
4793,2640.561
4794,1417.8081
4795,4099.9595
4796,3567.507
4797,1416.345
4798,3519.5063
4799,342.49484
4800,6112.246
4801,513.1317
4802,3565.4075
4803,448.05957
4804,383.3687
4805,2455.2651
4806,359.3477
4807,1922.6743
4808,1807.1373
4809,1873.8903
4810,2847.9568
4811,1534.7751
4812,322.598
4813,2599.8599
4814,2049.8896
4815,2474.5315
4816,1153.2783
4817,772.3751
4818,2220.782
4819,1944.0405
4820,311.58514
4821,2216.661
4822,1624.1202
4823,1234.3547
4824,294.96674
4825,3531.2136
4826,1310.4009
4827,1878.7191
4828,1406.7957
4829,1668.0092
4830,460.43442
4831,3511.138
4832,1037.1569
4833,678.4669
4834,2146.3494
4835,2178.9124
4836,3886.9436
4837,694.51483
4838,3139.8093
4839,3139.8093
4840,3161.8784
4841,2548.1724
4842,411.477
4843,2458.5771
4844,1350.6904
4845,3466.984
4846,276.36472
4847,3092.0498
4848,3903.2654
4849,1881.4094
4850,2675.1604
4851,2587.478
4852,2658.2898
4853,1654.5737
4854,557.7911
4855,2175.1294
4856,2472.7825
4857,2655.716
4858,825.6803
4859,4165.154
4860,2513.0066
4861,3152.0186
4862,1366.2996
4863,3172.6936
4864,712.6578
4865,1998.7446
4866,4156.809
4867,5296.9175
4868,2383.711
4869,1805.3987
4870,1315.4567
4871,645.61334
4872,5924.417
4873,2133.323
4874,3755.4714
4875,1843.9669
4876,2597.7534
4877,1307.4862
4878,270.69818
4879,1423.4022
4880,645.61334
4881,934.9438
4882,869.3152
4883,4148.355
4884,1402.9437
4885,3718.191
4886,4159.613
4887,3154.9336
4888,16.793732
4889,5308.009
4890,1646.6238
4891,1366.1613
4892,3372.97
4893,2867.8767
4894,1550.9985
4895,2911.6775
4896,1514.685
4897,2614.4043
4898,3152.0186
4899,1435.2185
4900,3056.66
4901,2852.7605
4902,270.69818
4903,1387.347
4904,3875.8335
4905,4023.955
4906,570.00073
4907,1072.3381
4908,836.11206
4909,2100.7424
4910,3785.9685
4911,3991.2913
4912,2071.4214
4913,3627.6646
4914,641.4034
4915,1519.8749
4916,1780.8823
4917,112.77233
4918,2447.2363
4919,263.98987
4920,2700.0312
4921,6112.246
4922,1664.849
4923,3204.9556
4924,3044.6748
4925,2482.6558
4926,1459.7305
4927,1848.6475
4928,326.38013
4929,3928.2117
4930,425.09848
4931,4611.84
4932,3088.25
4933,2584.297
4934,2472.994
4935,657.93427
4936,2644.7031
4937,1915.6171
4938,1944.9537
4939,4148.5215
4940,2472.7825
4941,1491.6835
4942,2060.165
4943,2095.86
4944,1476.7728
4945,1677.0187
4946,1703.2639
4947,2424.631
4948,1502.1243
4949,698.81213
4950,3142.4946
4951,2522.691
4952,2605.2559
4953,1666.9486
4954,4084.02
4955,2593.0198
4956,2483.873
4957,2966.107
4958,274.26514
4959,274.26514
4960,1212.9847
4961,2635.7515
4962,2139.2922
4963,1663.7306
4964,826.358
4965,1546.3457
4966,374.2119
4967,1892.1332
4968,4063.5537
4969,920.14044
4970,1546.3457
4971,119.51762
4972,1390.6481
4973,1610.0518
4974,2447.4104
4975,1636.3677
4976,334.01157
4977,990.51575
4978,1686.6897
4979,1534.636
4980,2989.9434
4981,3199.2314
4982,1837.8861
4983,866.20087
4984,2459.6113
4985,30.090273
4986,2949.8425
4987,1951.313
4988,1754.892
4989,407.55508
4990,571.6678
4991,6026.4673
4992,712.4131
4993,697.9768
4994,3847.5518
4995,423.77405
4996,1681.2783
4997,2341.5405
4998,580.887
4999,383.3687
5000,293.183
5001,1273.726
5002,1522.4696
5003,1510.718
5004,1526.7292
5005,1679.0404
5006,1309.1395
5007,958.44885
5008,875.495
5009,2402.3862
5010,2141.6577
5011,2113.7085
5012,1239.244
5013,2689.648
5014,4147.7173
5015,1417.1488
5016,-74.305984
5017,3746.2263
5018,835.8284
5019,1420.5182
5020,1101.7882
5021,1207.5979
5022,831.3658
5023,2581.7634
5024,1739.1069
5025,2190.352
5026,276.36472
5027,387.49008
5028,1368.3992
5029,1679.2656
5030,2084.596
5031,2.051941
5032,2211.5286
5033,1666.8707
5034,1676.1055
5035,4103.0806
5036,3939.8352
5037,6121.338
5038,2080.4124
5039,1185.7894
5040,3897.639
5041,3198.4224
5042,4002.9148
5043,691.0277
5044,2601.8813
5045,2915.8965
5046,326.38013
5047,750.7031
5048,2060.165
5049,2889.3005
5050,4155.5435
5051,263.98987
5052,1128.8218
5053,3999.6965
5054,589.43286
5055,3222.1553
5056,3534.0647
5057,3637.6438
5058,934.06085
5059,3057.0498
5060,3992.1624
5061,394.56564
5062,3026.0618
5063,3202.7231
5064,1676.1055
5065,2356.7632
5066,3543.5886
5067,2018.721
5068,1629.1558
5069,2045.9596
5070,2102.511
5071,65.23523
5072,698.81213
5073,1454.6959
5074,2474.882
5075,1903.2422
5076,3193.7322
5077,3128.5334
5078,4100.666
5079,5934.692
5080,1595.5995
5081,2215.9387
5082,827.2133
5083,2779.7068
5084,3130.6526
5085,2358.8628
5086,3853.8574
5087,2417.7874
5088,375.11523
5089,2495.3853
5090,2899.0168
5091,2021.532
5092,4027.993
5093,1341.6946
5094,4113.7715
5095,2820.6223
5096,2111.139
5097,1683.6226
5098,287.21173
5099,2001.1095
5100,2438.8364
5101,873.7817
5102,319.85483
5103,3934.9067
5104,3193.1992
5105,695.8101
5106,746.5986
5107,1965.7117
5108,3628.487
5109,683.31793
5110,1164.2181
5111,2024.4714
5112,372.69003
5113,1433.4336
5114,285.35623
5115,935.1858
5116,313.68472
5117,2892.431
5118,701.04987
5119,3045.7935
5120,592.46185
5121,355.5432
5122,568.0664
5123,985.3431
5124,1714.1584
5125,1717.6531
5126,1688.6049
5127,922.6228
5128,4226.3647
5129,2472.7825
5130,2097.9597
5131,2655.0938
5132,2060.165
5133,967.6606
5134,4008.795
5135,3159.9717
5136,3555.8835
5137,2601.8813
5138,2024.4714
5139,3180.559
5140,2601.9595
5141,2626.6135
5142,2220.782
5143,703.5802
5144,3141.4604
5145,1539.948
5146,2193.66
5147,3925.7402
5148,1395.0729
5149,3469.4756
5150,3178.3992
5151,4169.8877
5152,3227.4758
5153,1947.4636
5154,2801.9417
5155,722.7662
5156,2485.0928
5157,582.98663
5158,3467.4463
5159,2113.7295
5160,2438.8364
5161,3435.7014
5162,2462.302
5163,4141.225
5164,2903.6873
5165,663.8858
5166,1037.1951
5167,274.26514
5168,401.84564
5169,2103.9587
5170,1561.2738
5171,1428.0834
5172,2614.4043
5173,4810.636
5174,1274.0929
5175,296.14465
5176,2679.1174
5177,2449.927
5178,2599.853
5179,1582.4146
5180,385.4683
5181,1077.8557
5182,660.19446
5183,2655.203
5184,1395.9946
5185,1404.2489
5186,1511.2811
5187,1947.6753
5188,2641.2932
5189,3904.563
5190,364.32703
5191,1219.9728
5192,1757.2114
5193,2218.9475
5194,3900.9912
5195,1730.028
5196,1459.7305
5197,362.41476
5198,721.3863
5199,3565.4075
5200,2587.5845
5201,2051.9893
5202,1366.2996
5203,1001.71265
5204,3149.919
5205,1304.2682
5206,3743.0964
5207,2929.8608
5208,385.4683
5209,2865.029
5210,1677.166
5211,5436.2593
5212,316.51602
5213,2779.8726
5214,1519.797
5215,2897.566
5216,1363.1484
5217,3448.0764
5218,2633.6084
5219,3175.2842
5220,3939.8352
5221,1140.0945
5222,5985.797
5223,37.312798
5224,2749.6772
5225,2628.7131
5226,854.2718
5227,1234.5538
5228,3154.9336
5229,754.0246
5230,3890.0735
5231,800.3492
5232,2675.1604
5233,2581.1724
5234,3202.889
5235,1510.718
5236,1829.879
5237,1731.2235
5238,2635.5464
5239,1868.6674
5240,2460.2024
5241,3171.6558
5242,2666.2742
5243,2024.4984
5244,3560.4219
5245,2722.6475
5246,561.0092
5247,328.4797
5248,1215.9086
5249,568.0664
5250,2516.6018
5251,2629.3782
5252,4233.48
5253,2203.8777
5254,3925.6992
5255,3128.8962
5256,3892.2334
5257,4138.561
5258,3109.614
5259,1362.0485
5260,722.8999
5261,3449.1218
5262,570.166
5263,276.36472
5264,815.87494
5265,1546.3457
5266,3436.1323
5267,647.9802
5268,1130.9214
5269,1343.9856
5270,811.5376
5271,1320.754
5272,4158.9087
5273,6062.0933
5274,3045.3281
5275,833.392
5276,3148.8003
5277,376.3115
5278,2556.9553
5279,1370.5656
5280,1631.1775
5281,702.9812
5282,1512.3995
5283,2837.6814
5284,1548.5791
5285,2892.431
5286,3151.0063
5287,1372.3237
5288,665.73553
5289,1419.7394
5290,811.7774
5291,956.5297
5292,2599.853
5293,18.81553
5294,4109.6597
5295,2483.873
5296,3193.0217
5297,1946.1401
5298,1298.0192
5299,1548.3674
5300,1086.723
5301,3170.594
5302,2882.1555
5303,568.0664
5304,689.5643
5305,3937.0063
5306,2847.302
5307,1777.5851
5308,616.5131
5309,590.0438
5310,2300.4873
5311,925.8522
5312,918.97797
5313,2685.901
5314,1681.2004
5315,5400.6333
5316,883.5625
5317,125.14718
5318,2180.0767
5319,1934.8837
5320,5286.6426
5321,1678.2517
5322,3601.4531
5323,1225.1979
5324,3299.218
5325,1915.6171
5326,2839.2107
5327,-102.98888
5328,5985.85
5329,316.27542
5330,3141.7432
5331,3252.9617
5332,2739.461
5333,944.29877
5334,2520.2756
5335,780.1601
5336,369.0173
5337,1688.5199
5338,3178.3992
5339,3173.7554
5340,1821.3031
5341,2021.2065
5342,3161.3804
5343,1678.1272
5344,2811.719
5345,2424.631
5346,919.80365
5347,3212.9985
5348,6040.7896
5349,2195.7595
5350,570.166
5351,1361.1267
5352,2066.9548
5353,2087.3086
5354,1977.9867
5355,3558.262
5356,1618.053
5357,326.38013
5358,2170.2979
5359,1946.3452
5360,2840.9429
5361,3173.8086
5362,274.26514
5363,1134.923
5364,3148.8003
5365,1666.8907
5366,1381.868
5367,1728.8317
5368,1631.1775
5369,2090.6877
5370,713.0716
5371,3591.788
5372,308.5781
5373,5318.2837
5374,2129.3777
5375,1952.1165
5376,1070.5105
5377,658.6588
5378,1314.5435
5379,5939.949
5380,1978.6964
5381,5998.1714
5382,4115.806
5383,1481.1058
5384,1968.8298
5385,2451.5315
5386,3579.5542
5387,3047.4277
5388,112.77233
5389,3378.9294
5390,3902.1099
5391,1934.8837
5392,448.8364
5393,1934.8837
5394,2437.135
5395,5296.9175
5396,1328.733
5397,2500.7974
5398,292.06454
5399,1555.5026
5400,3264.0522
5401,2449.51
5402,1161.0277
5403,1546.3457
5404,1070.171
5405,2589.5845
5406,3160.3186
5407,3969.258
5408,2128.1597
5409,1688.6488
5410,4113.7715
5411,3090.227
5412,2658.2898
5413,483.40326
5414,2858.9434
5415,1175.7888
5416,693.8244
5417,2580.7668
5418,3958.6418
5419,1100.2362
5420,2100.7424
5421,2094.111
5422,1470.8306
5423,102.94698
5424,2080.4124
5425,3023.9622
5426,3891.8345
5427,125.14718
5428,2923.071
5429,1315.4567
5430,2994.5872
5431,6111.063
5432,1904.9467
5433,4122.8633
5434,1493.7052
5435,283.07303
5436,2695.4077
5437,3790.09
5438,2453.1655
5439,1275.6339
5440,724.788
5441,4169.8877
5442,263.98987
5443,2507.0088
5444,304.52792
5445,812.7241
5446,966.9636
5447,3529.7817
5448,3893.359
5449,3676.4639
5450,-72.28419
5451,2070.2346
5452,3562.5215
5453,2804.6619
5454,4592.573
5455,324.01318
5456,3682.6575
5457,3119.595
5458,263.98987
5459,5286.6426
5460,2458.5771
5461,1952.5784
5462,724.94336
5463,2638.4614
5464,2626.6135
5465,433.00864
5466,645.15106
5467,2481.1824
5468,3156.9138
5469,451.27762
5470,3255.0613
5471,3622.2249
5472,651.0042
5473,1583.1538
5474,3798.5742
5475,131.89252
5476,1428.1613
5477,3592.8613
5478,337.33978
5479,3128.553
5480,2134.501
5481,3752.1084
5482,570.166
5483,3154.9336
5484,798.32733
5485,2603.981
5486,2849.6804
5487,414.06613
5488,2996.747
5489,2897.4287
5490,558.9096
5491,2878.152
5492,1685.2029
5493,751.91583
5494,1891.094
5495,2428.561
5496,3821.45
5497,1909.3972
5498,2923.5017
5499,934.9438
5500,2997.2302
5501,1663.7306
5502,2132.4014
5503,1503.3673
5504,3190.0022
5505,2598.0818
5506,3742.4155
5507,3195.1213
5508,1388.0156
5509,2920.9111
5510,1426.0616
5511,1716.9845
5512,2855.1614
5513,2152.6448
5514,6.5184555
5515,3148.8003
5516,1694.7472
5517,3035.0527
5518,584.88025
5519,4326.4233
5520,2000.0626
5521,2152.6448
5522,939.85736
5523,4140.0874
5524,793.0421
5525,2891.824
5526,2599.8599
5527,1841.657
5528,3164.2197
5529,1161.0277
5530,2338.0984
5531,2271.0483
5532,2601.9595
5533,3462.8486
5534,2965.8708
5535,1706.0892
5536,1666.9486
5537,3971.7827
5538,1629.1558
5539,1275.7118
5540,748.6813
5541,4149.817
5542,2705.683
5543,2499.4219
5544,2440.936
5545,719.9981
5546,274.26514
5547,1512.3995
5548,2800.0605
5549,1274.1708
5550,2668.3271
5551,274.26514
5552,1552.849
5553,2973.2017
5554,3142.4946
5555,838.52155
5556,1015.32825
5557,1005.07434
5558,1922.6743
5559,2462.302
5560,963.32117
5561,2599.3857
5562,2081.531
5563,5211.047
5564,2365.696
5565,2633.4468
5566,3257.6519
5567,2870.7676
5568,1514.4991
5569,1461.532
5570,1640.3687
5571,983.26025
5572,570.6117
5573,2070.2346
5574,3864.2253
5575,725.31946
5576,2659.9685
5577,2438.8364
5578,688.74225
5579,2195.5938
5580,374.2119
5581,2449.927
5582,2060.165
5583,375.11523
5584,650.0021
5585,1312.3005
5586,2794.9968
5587,807.1256
5588,3069.259
5589,3540.3704
5590,2868.9954
5591,2139.2922
5592,1950.7047
5593,3023.9622
5594,2959.4705
5595,3917.9363
5596,591.5325
5597,1688.363
5598,2599.6624
5599,891.67065
5600,276.36472
5601,3127.4343
5602,3672.712
5603,2875.1743
5604,2145.5925
5605,2626.6135
5606,2330.253
5607,3152.2236
5608,3948.8477
5609,6123.4375
5610,3565.4075
5611,2852.654
5612,459.11166
5613,3599.3535
5614,2843.5378
5615,6112.246
5616,2519.0132
5617,1298.0874
5618,941.7455
5619,2447.9932
5620,4079.2642
5621,1381.868
5622,2831.288
5623,3210.3972
5624,3162.499
5625,3274.3276
5626,3276.4272
5627,4756.206
5628,1901.412
5629,1012.6856
5630,2834.5063
5631,2386.5708
5632,2855.8723
5633,3151.0063
5634,2858.3926
5635,3148.8003
5636,1938.1178
5637,3851.3179
5638,1665.7523
5639,1958.5546
5640,1821.4357
5641,792.0784
5642,2214.4011
5643,783.8633
5644,2799.2563
5645,698.8899
5646,2925.1707
5647,645.2288
5648,5246.212
5649,1491.1844
5650,340.0809
5651,3135.3428
5652,2015.3146
5653,1372.5873
5654,2460.2024
5655,3915.6404
5656,5410.908
5657,4113.7715
5658,2090.6877
5659,3195.2905
5660,3565.4075
5661,3924.6313
5662,3599.3535
5663,924.2347
5664,2613.029
5665,1320.1305
5666,3152.0186
5667,1356.66
5668,326.38013
5669,5199.9556
5670,3933.2646
5671,974.5032
5672,3943.428
5673,1683.2317
5674,687.6237
5675,1080.15
5676,2207.9688
5677,2522.2314
5678,1858.3921
5679,3633.4006
5680,1274.1708
